351184035;339465315;1.4641000000000006
339465315;1436423910;1.4641000000000006
1436423910;2635148675;1.4641000000000006
2635148675;2990664960;1.4641000000000006
2990664960;286777483;1.4641000000000006
286777483;286777485;1.4641000000000006
286777485;360814125;1.4641000000000006
360814125;3478438688;1.9487171000000014
3478438688;360814136;1.9487171000000014
360814136;8463614955;1.9487171000000014
8463614955;7016742266;1.9487171000000014
7016742266;360814168;1.9487171000000014
360814168;360814173;1.9487171000000014
360814173;360814192;1.9487171000000014
360814192;360814220;1.9487171000000014
360814220;360814212;1.7538453900000013
360814212;360843269;1.7538453900000013
360843269;360843276;0.49533774055703905
360843276;2990506689;0.49533774055703905
2990506689;360843281;0.49533774055703905
360843281;456048515;0.49533774055703905
456048515;456048526;0.49533774055703905
456048526;360814068;0.49533774055703905
360814068;2892021615;0.45030703687003554
2892021615;2892021617;0.5003411520778173
2892021617;360814074;0.5559346134197968
343522550;286678873;0.6561000000000001
286678873;286678874;0.7938810000000002
286678874;286678875;0.8820900000000002
286678875;286678876;0.8820900000000002
286678876;286678877;0.9801000000000002
286678877;286678882;0.9801000000000002
286678882;2386321386;0.9801000000000002
2386321386;286778081;0.81
286778081;339665942;0.81
339665942;8497964631;0.81
8497964631;8497964619;0.81
8497964619;339665945;0.81
339665945;360814121;0.81
360814121;4510077005;0.81
4510077005;360814093;0.81
360814093;360814099;0.81
360814099;360814067;0.7290000000000001
360814067;286693878;0.81
286693878;286693876;0.81
286693876;386886267;0.81
386886267;7721324243;0.9
7721324243;2621438766;0.9
2621438766;2621438768;0.9
2621438768;386886266;0.9
386886266;7721324242;0.9
7721324242;2990506707;0.9
2990506707;2990506708;0.9
2990506708;459161252;0.9
459161252;7080130658;0.9
7080130658;360814074;0.9
360814074;2892021617;0.5559346134197969
2892021617;2892021615;0.5003411520778173
2892021615;360814068;0.45030703687003565
360814068;456048526;0.49533774055703916
456048526;456048515;0.49533774055703916
456048515;360843281;0.49533774055703916
360843281;2990506689;0.49533774055703916
2990506689;360843276;0.49533774055703916
360843276;360843269;0.49533774055703916
360843269;360814212;1.7538453900000013
360814212;360814220;1.7538453900000013
360814220;360814192;1.9487171000000014
360814192;360814173;1.9487171000000014
360814173;360814168;1.9487171000000014
360814168;7016742266;1.9487171000000014
7016742266;8463614955;1.9487171000000014
8463614955;360814136;1.9487171000000014
360814136;3478438688;1.9487171000000014
3478438688;360814125;1.9487171000000014
360814125;286777485;1.4641000000000006
286777485;286777483;1.4641000000000006
286777483;2990664960;1.4641000000000006
2990664960;2635148675;1.4641000000000006
2635148675;1436423910;1.4641000000000006
1436423910;339465315;1.4641000000000006
339465315;351184035;1.4641000000000006
360814074;7080130658;0.9
7080130658;459161252;0.9
459161252;2990506708;0.9
2990506708;2990506707;0.9
2990506707;7721324242;0.9
7721324242;386886266;0.9
386886266;2621438768;0.9
2621438768;2621438766;0.9
2621438766;7721324243;0.9
7721324243;386886267;0.9
386886267;286693876;0.81
286693876;286693878;0.81
286693878;360814067;0.81
360814067;360814099;0.7290000000000001
360814099;360814093;0.81
360814093;4510077005;0.81
4510077005;360814121;0.81
360814121;339665945;0.81
339665945;8497964619;0.81
8497964619;8497964631;0.81
8497964631;339665942;0.81
339665942;286778081;0.81
286778081;2386321386;0.81
2386321386;286678882;0.9801000000000002
286678882;286678877;0.9801000000000002
286678877;286678876;0.9801000000000002
286678876;286678875;0.8820900000000002
286678875;286678874;0.8820900000000002
286678874;286678873;0.7938810000000002
286678873;343522550;0.6561000000000001
459149826;3334385656;4.177248169415656
3334385656;8164359233;4.177248169415656
8164359233;459169362;4.177248169415656
459169362;2627270685;4.177248169415656
2627270685;6281856136;4.177248169415656
6281856136;418894163;4.177248169415656
418894163;2178196916;4.177248169415656
2178196916;8511266971;4.177248169415656
8511266971;7696040199;4.177248169415656
7696040199;459203610;4.177248169415656
459203610;2176147896;4.177248169415656
2176147896;2176147893;4.177248169415656
2176147893;2176147895;4.177248169415656
2176147895;2178196901;4.177248169415656
2178196901;459203628;4.177248169415656
459203628;2178196897;4.177248169415656
2178196897;459203594;4.177248169415656
459203594;309903018;1.958205349447937
309903018;2891329437;1.958205349447937
2891329437;2891329439;1.958205349447937
2891329439;309903015;1.958205349447937
309903015;2626856307;1.958205349447937
2626856307;8252526284;1.958205349447937
8252526284;247979971;1.958205349447937
247979971;3390705459;1.958205349447937
3390705459;459642291;1.958205349447937
459642291;459642295;4.197587074758739
459642295;459807936;4.197587074758739
459807936;459642296;4.197587074758739
459642296;1724490302;1.8532105721699852
1724490302;2627270726;1.8532105721699852
2627270726;459812758;1.8532105721699852
459812758;459807915;1.8532105721699852
459807915;459642300;1.8532105721699852
459642300;7203224748;1.265767756416901
7203224748;5547365382;1.265767756416901
305383483;6499889178;0.5314410000000002
6499889178;6762262860;0.6561000000000001
6762262860;459832052;0.7290000000000001
459832052;459825592;0.7290000000000001
459825592;5812377935;0.81
5812377935;6984956234;0.81
6984956234;2915955783;0.81
2915955783;5547452490;0.81
5547452490;5547452488;0.81
5547452488;5547452486;0.81
5547452486;5547452484;0.81
5547452484;5547452482;0.81
5547452482;7005893159;0.81
7005893159;8521637897;0.6561000000000001
8521637897;418951728;0.6561000000000001
418951728;5547395571;0.6561000000000001
5547395571;7417206201;0.6561000000000001
7417206201;5547365382;0.6561000000000001
5547365382;7203224748;1.1506979603790009
7203224748;459642300;1.1506979603790009
459642300;459807915;1.6847368837908956
459807915;459812758;1.6847368837908956
459812758;2627270726;1.6847368837908956
2627270726;1724490302;1.6847368837908956
1724490302;459642296;1.6847368837908956
459642296;459807936;3.8159882497806716
459807936;459642295;3.8159882497806716
459642295;459642291;3.8159882497806716
459642291;3390705459;1.9582053494479374
3390705459;247979971;1.9582053494479374
247979971;8252526284;1.9582053494479374
8252526284;2626856307;1.9582053494479374
2626856307;309903015;1.9582053494479374
309903015;2891329439;1.9582053494479374
2891329439;2891329437;1.9582053494479374
2891329437;309903018;1.9582053494479374
309903018;459203594;1.9582053494479374
459203594;2178196897;4.177248169415656
2178196897;459203628;4.177248169415656
459203628;2178196901;4.177248169415656
2178196901;2176147895;4.177248169415656
2176147895;2176147893;4.177248169415656
2176147893;2176147896;4.177248169415656
2176147896;459203610;4.177248169415656
459203610;7696040199;4.177248169415656
7696040199;8511266971;4.177248169415656
8511266971;2178196916;4.177248169415656
2178196916;418894163;4.177248169415656
418894163;6281856136;4.177248169415656
6281856136;2627270685;4.177248169415656
2627270685;459169362;4.177248169415656
459169362;8164359233;4.177248169415656
8164359233;3334385656;4.177248169415656
3334385656;459149826;4.177248169415656
5547365382;7417206201;0.6561000000000001
7417206201;5547395571;0.6561000000000001
5547395571;418951728;0.6561000000000001
418951728;8521637897;0.6561000000000001
8521637897;7005893159;0.6561000000000001
7005893159;5547452482;0.81
5547452482;5547452484;0.81
5547452484;5547452486;0.81
5547452486;5547452488;0.81
5547452488;5547452490;0.81
5547452490;2915955783;0.81
2915955783;6984956234;0.81
6984956234;5812377935;0.81
5812377935;459825592;0.81
459825592;459832052;0.81
459832052;6762262860;0.81
6762262860;6499889178;0.7290000000000001
6499889178;305383483;0.5904900000000002
459203585;2469885296;2.0385316293869846
2469885296;6416266657;2.0385316293869846
6416266657;3050212836;2.0385316293869846
3050212836;3050212834;2.0385316293869846
3050212834;2731274451;2.0385316293869846
2731274451;8426375868;2.0385316293869846
8426375868;3784642584;2.0385316293869846
3784642584;1724490220;2.0385316293869846
1724490220;1724490222;2.0385316293869846
1724490222;459642291;2.0385316293869846
459642296;2629488505;2.2650351437633156
2629488505;459807943;2.2650351437633156
459807943;459807887;2.2650351437633156
459807887;459807888;2.2650351437633156
459807888;459807890;2.2650351437633156
459807890;459807891;2.2650351437633156
459807891;459807892;2.2650351437633156
459807892;288408189;1.4712286622448802
288408189;3394211708;1.4712286622448802
3394211708;8327420312;1.4712286622448802
8327420312;3394211714;1.4712286622448802
3394211714;3394211719;1.4712286622448802
3394211719;2447443796;1.4712286622448802
2447443796;459807884;1.4712286622448802
459807884;8327420303;1.4712286622448802
8327420303;418952263;1.4712286622448802
418952263;288408190;1.4712286622448802
288408190;2917113983;2.0181463130931148
2917113983;287098001;2.0181463130931148
287098001;287098014;2.0181463130931148
287098014;2917113987;3.4522712143931042
2917113987;2917113990;3.4522712143931042
2917113990;8196501607;3.4522712143931042
8196501607;8196501592;3.4522712143931042
8196501592;6375491388;3.4522712143931042
6375491388;459619521;3.4522712143931042
459619521;3394211725;3.4522712143931042
3394211725;3394211723;3.4522712143931042
3394211723;3394211715;3.4522712143931042
3394211715;459619528;3.4522712143931042
459619528;459619531;3.4522712143931042
459619531;7182233581;2.7963396836584136
7182233581;459619655;2.7963396836584136
459619655;459619670;2.7963396836584136
459619670;1945774023;2.7963396836584136
1945774023;5089981728;2.7963396836584136
5089981728;5089981730;2.7963396836584136
5089981730;2430899363;2.7963396836584136
2430899363;1945774162;2.7963396836584136
1945774162;5825114893;2.7963396836584136
5825114893;1842641128;3.4522712143931042
1842641128;1842641139;1.9487171000000014
1842641139;1945774171;1.1
1945774171;1842641140;1.1
1842641140;5825114907;1.1
5825114907;5825114900;1.1
5825114900;5825114897;1.1
5825114897;1842641142;1.1
1842641142;1945774031;1.1
1945774031;7182256058;1.1
7182256058;1842641136;1.1
1842641136;1842641137;1.1
1842641137;7182256046;1.1
7182256046;8426920267;1.1
8426920267;8426920255;1.1
459203585;8173405496;0.9
8173405496;459203855;0.9
459203855;459203888;0.9
459203888;3390705457;0.9
3390705457;247979971;0.9
247979971;3390705454;0.9
3390705454;459807928;0.9
459807928;247979972;0.9
247979972;459278293;0.9
459278293;766490858;0.9
766490858;8019380650;0.9
8019380650;247979973;0.5787392490000003
247979973;459278347;0.9
459278347;6384238505;0.9
6384238505;6752997232;0.9
6752997232;766490875;0.9
766490875;247979974;0.9
247979974;459619479;0.9
459619479;247979975;0.9
247979975;459619384;0.9
459619384;369735710;0.9
369735710;247979976;0.9
247979976;459619363;0.7290000000000001
459619363;459507401;0.9
459507401;459507420;0.9
459507420;7076679637;0.9
7076679637;7076679638;0.9
7076679638;7076679626;0.9
7076679626;7182256006;0.9
7182256006;7182256009;0.9
7182256009;1945773881;0.9
1945773881;1945773886;0.9
1945773886;1945773891;0.9
1945773891;1945773895;0.9
1945773895;1945773898;0.9
1945773898;1945773908;0.9
1945773908;1945773937;0.9
1945773937;8426920256;0.9
8426920256;8426920259;0.9
8426920259;8426920255;0.9
8426920255;8426920267;1.1
8426920267;7182256046;1.1
7182256046;1842641137;1.1
1842641137;1842641136;1.1
1842641136;7182256058;1.1
7182256058;1945774031;1.1
1945774031;1842641142;1.1
1842641142;5825114897;1.1
5825114897;5825114900;1.1
5825114900;5825114907;1.1
5825114907;1842641140;1.1
1842641140;1945774171;1.1
1945774171;1842641139;1.1
1842641139;1842641128;1.9487171000000014
1842641128;5825114893;3.4522712143931042
5825114893;1945774162;2.7963396836584136
1945774162;2430899363;2.7963396836584136
2430899363;5089981730;2.7963396836584136
5089981730;5089981728;2.7963396836584136
5089981728;1945774023;2.7963396836584136
1945774023;459619670;2.7963396836584136
459619670;459619655;2.7963396836584136
459619655;7182233581;2.7963396836584136
7182233581;459619531;2.7963396836584136
459619531;459619528;3.4522712143931042
459619528;3394211715;3.4522712143931042
3394211715;3394211723;3.4522712143931042
3394211723;3394211725;3.4522712143931042
3394211725;459619521;3.4522712143931042
459619521;6375491388;3.4522712143931042
6375491388;8196501592;3.4522712143931042
8196501592;8196501607;3.4522712143931042
8196501607;2917113990;3.4522712143931042
2917113990;2917113987;3.4522712143931042
2917113987;287098014;3.4522712143931042
287098014;287098001;2.0181463130931148
287098001;2917113983;2.0181463130931148
2917113983;288408190;2.0181463130931148
288408190;418952263;1.4712286622448802
418952263;8327420303;1.4712286622448802
8327420303;459807884;1.4712286622448802
459807884;2447443796;1.4712286622448802
2447443796;3394211719;1.4712286622448802
3394211719;3394211714;1.4712286622448802
3394211714;8327420312;1.4712286622448802
8327420312;3394211708;1.4712286622448802
3394211708;288408189;1.4712286622448802
288408189;459807892;1.4712286622448802
459807892;459807891;2.2650351437633156
459807891;459807890;2.2650351437633156
459807890;459807888;2.2650351437633156
459807888;459807887;2.2650351437633156
459807887;459807943;2.2650351437633156
459807943;2629488505;2.2650351437633156
2629488505;459642296;2.2650351437633156
459642291;1724490222;1.8346784664482862
1724490222;1724490220;1.8346784664482862
1724490220;3784642584;1.8346784664482862
3784642584;8426375868;1.8346784664482862
8426375868;2731274451;1.8346784664482862
2731274451;3050212834;1.8346784664482862
3050212834;3050212836;1.8346784664482862
3050212836;6416266657;1.8346784664482862
6416266657;2469885296;1.8346784664482862
2469885296;459203585;1.8346784664482862
8426920255;8426920259;0.9
8426920259;8426920256;0.9
8426920256;1945773937;0.9
1945773937;1945773908;0.9
1945773908;1945773898;0.9
1945773898;1945773895;0.9
1945773895;1945773891;0.9
1945773891;1945773886;0.9
1945773886;1945773881;0.9
1945773881;7182256009;0.9
7182256009;7182256006;0.9
7182256006;7076679626;0.9
7076679626;7076679638;0.9
7076679638;7076679637;0.9
7076679637;459507420;0.9
459507420;459507401;0.9
459507401;459619363;0.9
459619363;247979976;0.7290000000000001
247979976;369735710;0.9
369735710;459619384;0.9
459619384;247979975;0.9
247979975;459619479;0.9
459619479;247979974;0.9
247979974;766490875;0.9
766490875;6752997232;0.9
6752997232;6384238505;0.9
6384238505;459278347;0.9
459278347;247979973;0.9
247979973;8019380650;0.5787392490000003
8019380650;766490858;0.9
766490858;459278293;0.9
459278293;247979972;0.9
247979972;459807928;0.9
459807928;3390705454;0.9
3390705454;247979971;0.9
247979971;3390705457;0.9
3390705457;459203888;0.9
459203888;459203855;0.9
459203855;8173405496;0.9
8173405496;459203585;0.9
6845553038;339803921;2.686152742726936
339803921;339803919;2.686152742726936
339803919;2326390478;2.740692523953612
2326390478;2326390477;4.177248169415656
2326390477;6268656465;4.177248169415656
6268656465;339499421;4.177248169415656
339499421;339499425;4.177248169415656
339499425;252260195;4.177248169415656
252260195;339499429;4.177248169415656
339499429;339499434;4.177248169415656
339499434;252260198;4.177248169415656
252260198;286826212;4.177248169415656
286826212;2526454038;12.720614254018217
2526454038;340280215;12.720614254018217
340280215;2526454038;12.720614254018217
2526454038;286826212;12.720614254018217
286826212;418845537;3.383571017226682
418845537;2422882114;3.383571017226682
2422882114;418845544;3.383571017226682
418845544;418845533;3.383571017226682
418845533;418845553;3.383571017226682
418845553;418863922;3.383571017226682
418863922;418863936;3.383571017226682
418863936;418894027;3.383571017226682
418894027;418863930;3.383571017226682
418863930;418863946;3.383571017226682
418863946;8503612498;3.383571017226682
8503612498;2630402214;3.383571017226682
2630402214;5814664946;3.383571017226682
5814664946;2270254505;3.383571017226682
2270254505;418863944;3.383571017226682
418863944;418863926;3.383571017226682
418863926;956500350;3.383571017226682
956500350;5505544817;2.4666232715582517
5505544817;956500351;2.4666232715582517
956500351;7004243984;2.4666232715582517
7004243984;6396864147;2.4666232715582517
6396864147;6396864145;2.4666232715582517
6396864145;6985204060;1.9779852014625614
6985204060;6388874793;1.9779852014625614
6845553038;7004243963;0.9
7004243963;6845553039;0.9
6845553039;6845553040;0.9
6845553040;6845553036;0.9
6845553036;6005411796;0.9
6005411796;6005411795;0.9
6005411795;8418818374;0.9
8418818374;6993051309;0.9
6993051309;6005411791;0.9
6005411791;6005411790;0.9
6005411790;6388874796;0.9
6388874796;6388874795;0.9
6388874795;6388874793;0.9
6388874793;6985204060;1.7801866813163052
6985204060;6396864145;1.7801866813163052
6396864145;6396864147;2.2199609444024264
6396864147;7004243984;2.2199609444024264
7004243984;956500351;2.2199609444024264
956500351;5505544817;2.2199609444024264
5505544817;956500350;2.2199609444024264
956500350;418863926;3.383571017226682
418863926;418863944;3.383571017226682
418863944;2270254505;3.383571017226682
2270254505;5814664946;3.383571017226682
5814664946;2630402214;3.383571017226682
2630402214;8503612498;3.383571017226682
8503612498;418863946;3.383571017226682
418863946;418863930;3.383571017226682
418863930;418894027;3.383571017226682
418894027;418863936;3.383571017226682
418863936;418863922;3.383571017226682
418863922;418845553;3.383571017226682
418845553;418845533;3.383571017226682
418845533;418845544;3.383571017226682
418845544;2422882114;3.383571017226682
2422882114;418845537;3.383571017226682
418845537;286826212;3.383571017226682
286826212;252260198;4.177248169415656
252260198;339499434;4.177248169415656
339499434;339499429;4.177248169415656
339499429;252260195;4.177248169415656
252260195;339499425;4.177248169415656
339499425;339499421;4.177248169415656
339499421;6268656465;4.177248169415656
6268656465;2326390477;4.177248169415656
2326390477;2326390478;4.177248169415656
2326390478;339803919;2.7132855987140765
339803919;339803921;2.4175374684542423
339803921;6845553038;2.4175374684542423
6388874793;6388874795;0.9
6388874795;6388874796;0.9
6388874796;6005411790;0.9
6005411790;6005411791;0.9
6005411791;6993051309;0.9
6993051309;8418818374;0.9
8418818374;6005411795;0.9
6005411795;6005411796;0.9
6005411796;6845553036;0.9
6845553036;6845553040;0.9
6845553040;6845553039;0.9
6845553039;7004243963;0.9
7004243963;6845553038;0.9
3019944249;3148148181;4.177248169415656
3148148181;343385613;4.177248169415656
343385613;343453484;4.177248169415656
343453484;6196088415;4.177248169415656
6196088415;343385570;4.177248169415656
343385570;343385471;4.177248169415656
343385471;343385567;4.177248169415656
343385567;283017182;4.177248169415656
283017182;370393956;4.177248169415656
370393956;370393953;4.177248169415656
370393953;280827047;4.177248169415656
280827047;280827036;4.177248169415656
280827036;339777390;4.177248169415656
339777390;286680657;4.177248169415656
286680657;285873731;4.177248169415656
285873731;285873741;4.177248169415656
285873741;5998440611;4.177248169415656
5998440611;353108398;4.177248169415656
353108398;307639921;4.177248169415656
307639921;307639922;49.785181124993684
307639922;307639921;49.785181124993684
307639921;339465296;1.310864738060189
339465296;307612552;1.310864738060189
307612552;339675067;4.177248169415656
339675067;2845664383;4.177248169415656
2845664383;296917291;4.177248169415656
296917291;340106427;0.8600583546412902
340106427;340106430;0.8600583546412902
340106430;339675099;0.8600583546412902
339675099;6949409659;28.102436848064315
6949409659;339675099;37.40434344477361
339675099;339675095;1.3851325807333448
339675095;339675114;1.997964849962183
339675114;2858207229;1.997964849962183
2858207229;2309510847;1.997964849962183
2309510847;296917285;1.997964849962183
296917285;2858207233;1.997964849962183
2858207233;339803886;1.997964849962183
339803886;250410108;1.997964849962183
250410108;339803881;1.997964849962183
339803881;296917290;1.997964849962183
296917290;339803868;1.997964849962183
339803868;339803865;2.2199609444024264
339803865;6845553038;2.4419570388426686
339803919;7004243959;0.9043820750088056
7004243959;6417025394;0.9043820750088056
6417025394;6417025393;0.9320653479069909
6417025393;6841840739;0.9320653479069909
6841840739;6005408581;0.9414801494010007
6005408581;6372334162;0.9414801494010007
6372334162;6005408577;0.9414801494010007
6005408577;6372334163;0.9414801494010007
6372334163;6993051307;0.9605960100000004
6993051307;6993051306;0.8820900000000002
6993051306;6396864145;0.7179717460900658
6388874793;7294338847;1.7981683649659654
7294338847;252259488;1.7981683649659654
252259488;2374539821;1.7981683649659654
2374539821;252259482;1.7981683649659654
252259482;2270254578;1.7981683649659654
2270254578;6387866874;1.7981683649659654
6387866874;5108274161;1.7981683649659654
5108274161;286807978;1.7981683649659654
286807978;286819675;1.7981683649659654
286819675;286807993;1.7981683649659654
286807993;6387866866;1.7981683649659654
6387866866;7004247615;1.7981683649659654
7004247615;5636799994;1.7981683649659654
5636799994;6822067487;1.997964849962183
6822067487;459149785;1.997964849962183
459149785;6841770964;1.997964849962183
6841770964;6841770963;1.997964849962183
6841770963;6841770956;1.7981683649659654
6841770956;6388922488;1.7981683649659654
6388922488;6841770947;1.7981683649659654
6841770947;286807996;1.7981683649659654
286807996;6388921093;1.7981683649659654
6388921093;594760901;1.7981683649659654
594760901;5999916034;1.7981683649659654
5999916034;6845553029;1.7981683649659654
6845553029;6387482005;1.7981683649659654
6387482005;6387479598;1.7981683649659654
6387479598;1874136243;1.7981683649659654
1874136243;1874136242;1.7981683649659654
1874136242;6387479604;1.4565163756224317
6387479604;6387479610;1.4565163756224317
6387479610;6830374464;4.6639856386208205
6830374464;6387479608;4.197587074758738
6387479608;420618360;2.6592912152996666
420618360;6993037911;2.6592912152996666
6993037911;356506856;2.6592912152996666
356506856;7004197758;2.6592912152996666
7004197758;1925253015;2.6592912152996666
1925253015;356506851;2.6592912152996666
356506851;7004197734;2.6592912152996666
7004197734;7004197728;2.6592912152996666
7004197728;247979960;2.6592912152996666
247979960;6387493931;4.458497693689428
6387493931;6830491238;4.458497693689428
6830491238;665091815;4.458497693689428
665091815;2309510898;4.458497693689428
2309510898;286815088;4.458497693689428
286815088;6654009830;4.458497693689428
6654009830;6654009828;4.458497693689428
6654009828;6654009815;4.904347463058372
6654009815;6654009824;4.904347463058372
6654009824;6387493912;4.904347463058372
6387493912;6387493922;4.4139127167525345
6387493922;6013354339;4.4139127167525345
6013354339;6013354336;4.4139127167525345
6013354336;6654009798;4.4139127167525345
6654009798;7619603105;3.991863541684412
7619603105;6013354342;3.991863541684412
6013354342;6654009794;3.991863541684412
6654009794;6013354361;3.991863541684412
6013354361;6845373712;3.991863541684412
6845373712;6770187226;3.991863541684412
6770187226;6050917348;3.991863541684412
6050917348;459825599;3.991863541684412
459825599;459825602;3.991863541684412
459825602;459825603;3.991863541684412
459825603;459832050;3.991863541684412
459832050;459832064;3.991863541684412
459832064;459832059;3.991863541684412
459832059;6654009785;3.991863541684412
6654009785;6654009786;3.991863541684412
6654009786;6846629976;3.991863541684412
6846629976;6499879468;3.991863541684412
6499879468;6499879461;3.991863541684412
6499879461;6846629970;3.991863541684412
6846629970;6499879471;3.991863541684412
6499879471;6985124477;3.991863541684412
6985124477;6939265674;3.991863541684412
6939265674;6939265673;3.2334094687643735
6939265673;6762351612;3.2334094687643735
6762351612;7647114328;3.2334094687643735
7647114328;7724618504;3.2334094687643735
7724618504;6793715943;3.2334094687643735
6793715943;6984956238;3.2334094687643735
6984956238;6984956239;3.2334094687643735
6984956239;341467922;3.2334094687643735
341467922;2915955796;3.2334094687643735
2915955796;459807839;3.2334094687643735
459807839;418000101;3.2334094687643735
418000101;459642312;3.2334094687643735
459642312;8540559685;3.2334094687643735
8540559685;459642325;3.2334094687643735
459642325;7417206196;3.2334094687643735
7417206196;459812727;3.2334094687643735
459812727;459642301;3.592677187515971
459642301;459807881;3.0294405677241287
459807881;459807828;3.0294405677241287
459807828;459807876;3.0294405677241287
459807876;459807818;3.0294405677241287
459807818;8024490313;3.0294405677241287
8024490313;459807813;3.0294405677241287
459807813;459807816;3.0294405677241287
459807816;459642310;3.0294405677241287
459642310;2628327451;3.0294405677241287
2628327451;287097971;3.0294405677241287
287097971;287097978;2.2760635369828166
287097978;2628327453;3.122172204366004
2628327453;2628327452;3.122172204366004
2628327452;418951773;1.9386232959534568
418951773;418951764;1.9386232959534568
418951764;2357373130;8.098110614208123
2357373130;2357373054;8.098110614208123
2357373054;459807812;8.098110614208123
3019944249;2851156456;0.2058911320946491
2851156456;343377984;0.2058911320946491
343377984;8546897683;0.25418658283290013
8546897683;343380654;0.25418658283290013
343380654;343382619;0.25418658283290013
343382619;343382615;0.25418658283290013
343382615;5751503894;0.25418658283290013
5751503894;343382594;0.25418658283290013
343382594;343383903;0.25418658283290013
343383903;343382589;0.25418658283290013
343382589;343383844;0.25418658283290013
343383844;343394729;0.25418658283290013
343394729;343394730;0.25418658283290013
343394730;337986467;0.25418658283290013
337986467;456077732;0.25418658283290013
456077732;456077762;0.25418658283290013
456077762;459492914;0.25418658283290013
459492914;456077702;0.25418658283290013
456077702;360814277;0.25418658283290013
360814277;7101567049;0.25418658283290013
7101567049;360814268;0.25418658283290013
360814268;360814263;0.25418658283290013
360814263;360814254;0.25418658283290013
360814254;360814228;0.25418658283290013
360814228;360814236;0.28242953648100017
360814236;360843269;0.28242953648100017
360814074;459161255;0.5053951031089063
459161255;7080130626;0.7938810000000002
7080130626;7080130628;0.7938810000000002
7080130628;7080130625;0.7938810000000002
7080130625;7080130619;0.7938810000000002
7080130619;7080130617;0.7938810000000002
7080130617;7080130616;0.7938810000000002
7080130616;7080130615;0.7938810000000002
7080130615;286693850;0.7938810000000002
286693850;286693848;0.6430436100000003
286693848;286693842;0.6430436100000003
286693842;459278302;0.6430436100000003
459278302;459278217;0.6430436100000003
459278217;459278316;0.6430436100000003
459278316;459278224;0.6430436100000003
459278224;459278225;0.6430436100000003
459278225;8449237199;0.6430436100000003
8449237199;460007224;0.6430436100000003
460007224;459278255;0.6430436100000003
459278255;459278251;0.6430436100000003
459278251;459278227;0.6430436100000003
459278227;459278256;0.6430436100000003
459278256;459278271;0.6430436100000003
459278271;5851108193;0.6430436100000003
5851108193;459278239;0.6430436100000003
459278239;459278246;0.6430436100000003
459278246;766490866;0.6430436100000003
766490866;459278234;0.6430436100000003
459278234;8232221148;0.6430436100000003
8232221148;8019380650;0.6430436100000003
247979973;766490881;0.6430436100000003
766490881;418951754;0.6430436100000003
418951754;459807945;0.6430436100000003
459807945;459807892;0.6430436100000003
287098014;2917113998;0.5845851000000002
2917113998;766878121;0.5845851000000002
766878121;287098017;0.6561000000000001
287098017;2917124712;0.6561000000000001
2917124712;2917124717;0.6561000000000001
2917124717;8213504028;0.7290000000000001
8213504028;2917124759;0.7290000000000001
2917124759;2628327442;0.6561000000000001
2628327442;287097957;0.6561000000000001
287097957;287097952;0.6561000000000001
287097952;287097945;0.6561000000000001
287097945;287097941;0.5314410000000002
287097941;2628327447;0.9
2628327447;459619601;0.9900000000000001
459619601;459619606;0.7217100000000002
459619606;459807812;0.5904900000000002
459807812;2357373054;8.098110614208123
2357373054;2357373130;8.098110614208123
2357373130;418951764;8.098110614208123
418951764;418951773;1.938623295953457
418951773;2628327452;1.938623295953457
2628327452;2628327453;3.122172204366004
2628327453;287097978;3.122172204366004
287097978;287097971;2.2760635369828166
287097971;2628327451;3.0294405677241287
2628327451;459642310;3.0294405677241287
459642310;459807816;3.0294405677241287
459807816;459807813;3.0294405677241287
459807813;8024490313;3.0294405677241287
8024490313;459807818;3.0294405677241287
459807818;459807876;3.0294405677241287
459807876;459807828;3.0294405677241287
459807828;459807881;3.0294405677241287
459807881;459642301;3.0294405677241287
459642301;459812727;3.991863541684412
459812727;7417206196;3.5926771875159704
7417206196;459642325;3.5926771875159704
459642325;8540559685;3.5926771875159704
8540559685;459642312;3.5926771875159704
459642312;418000101;3.5926771875159704
418000101;459807839;3.5926771875159704
459807839;2915955796;3.5926771875159704
2915955796;341467922;3.5926771875159704
341467922;6984956239;3.5926771875159704
6984956239;6984956238;3.5926771875159704
6984956238;6793715943;3.5926771875159704
6793715943;7724618504;3.5926771875159704
7724618504;7647114328;3.5926771875159704
7647114328;6762351612;3.5926771875159704
6762351612;6939265673;3.5926771875159704
6939265673;6939265674;3.5926771875159704
6939265674;6985124477;3.991863541684412
6985124477;6499879471;3.991863541684412
6499879471;6846629970;3.991863541684412
6846629970;6499879461;3.991863541684412
6499879461;6499879468;3.991863541684412
6499879468;6846629976;3.991863541684412
6846629976;6654009786;3.991863541684412
6654009786;6654009785;3.991863541684412
6654009785;459832059;3.991863541684412
459832059;459832064;3.991863541684412
459832064;459832050;3.991863541684412
459832050;459825603;3.991863541684412
459825603;459825602;3.991863541684412
459825602;459825599;3.991863541684412
459825599;6050917348;3.991863541684412
6050917348;6770187226;3.991863541684412
6770187226;6845373712;3.991863541684412
6845373712;6013354361;3.991863541684412
6013354361;6654009794;3.991863541684412
6654009794;6013354342;3.991863541684412
6013354342;7619603105;3.991863541684412
7619603105;6654009798;3.991863541684412
6654009798;6013354336;4.4139127167525345
6013354336;6013354339;4.4139127167525345
6013354339;6387493922;4.4139127167525345
6387493922;6387493912;4.4139127167525345
6387493912;6654009824;4.904347463058372
6654009824;6654009815;4.904347463058372
6654009815;6654009828;4.458497693689428
6654009828;6654009830;4.053179721535844
6654009830;286815088;4.053179721535844
286815088;2309510898;4.053179721535844
2309510898;665091815;4.053179721535844
665091815;6830491238;4.053179721535844
6830491238;6387493931;4.053179721535844
6387493931;247979960;4.053179721535844
247979960;7004197728;2.417537468454243
7004197728;7004197734;2.417537468454243
7004197734;356506851;2.417537468454243
356506851;1925253015;2.417537468454243
1925253015;7004197758;2.417537468454243
7004197758;356506856;2.417537468454243
356506856;6993037911;2.417537468454243
6993037911;420618360;2.417537468454243
420618360;6387479608;2.417537468454243
6387479608;6830374464;3.7778283672828663
6830374464;6387479610;3.7778283672828663
6387479610;6387479604;1.1797782642541699
6387479604;1874136242;1.1797782642541699
1874136242;1874136243;1.618351528469369
1874136243;6387479598;1.618351528469369
6387479598;6387482005;1.618351528469369
6387482005;6845553029;1.618351528469369
6845553029;5999916034;1.618351528469369
5999916034;594760901;1.618351528469369
594760901;6388921093;1.618351528469369
6388921093;286807996;1.618351528469369
286807996;6841770947;1.618351528469369
6841770947;6388922488;1.618351528469369
6388922488;6841770956;1.618351528469369
6841770956;6841770963;1.618351528469369
6841770963;6841770964;1.7981683649659648
6841770964;459149785;1.7981683649659648
459149785;6822067487;1.7981683649659648
6822067487;5636799994;1.7981683649659648
5636799994;7004247615;1.618351528469369
7004247615;6387866866;1.618351528469369
6387866866;286807993;1.618351528469369
286807993;286819675;1.618351528469369
286819675;286807978;1.618351528469369
286807978;5108274161;1.618351528469369
5108274161;6387866874;1.618351528469369
6387866874;2270254578;1.618351528469369
2270254578;252259482;1.618351528469369
252259482;2374539821;1.618351528469369
2374539821;252259488;1.618351528469369
252259488;7294338847;1.618351528469369
7294338847;6388874793;1.618351528469369
6396864145;6993051306;0.7897689206990723
6993051306;6993051307;0.8820900000000002
6993051307;6372334163;0.8732691000000002
6372334163;6005408577;0.8558910449100006
6005408577;6372334162;0.8558910449100006
6372334162;6005408581;0.8558910449100006
6005408581;6841840739;0.8558910449100006
6841840739;6417025393;0.8473321344609007
6417025393;6417025394;0.8473321344609007
6417025394;7004243959;0.8221655227352778
7004243959;339803919;0.8221655227352778
6845553038;339803865;2.1977613349584018
339803865;339803868;1.9979648499621838
339803868;296917290;1.7981683649659648
296917290;339803881;1.7981683649659648
339803881;250410108;1.7981683649659648
250410108;339803886;1.7981683649659648
339803886;2858207233;1.7981683649659648
2858207233;296917285;1.7981683649659648
296917285;2309510847;1.9779852014625612
2309510847;2858207229;1.9779852014625612
2858207229;339675114;1.9779852014625612
339675114;339675095;1.9779852014625612
339675095;339675099;1.0406706091159612
339675099;340106430;0.8600583546412902
340106430;340106427;0.8600583546412902
340106427;296917291;0.8600583546412902
296917291;2845664383;4.177248169415656
2845664383;339675067;4.177248169415656
339675067;307612552;4.177248169415656
307612552;339465296;1.310864738060189
339465296;307639921;1.310864738060189
307639921;353108398;4.177248169415656
353108398;5998440611;4.177248169415656
5998440611;285873741;4.177248169415656
285873741;285873731;4.177248169415656
285873731;286680657;4.177248169415656
286680657;339777390;4.177248169415656
339777390;280827036;4.177248169415656
280827036;280827047;4.177248169415656
280827047;370393953;4.177248169415656
370393953;370393956;4.177248169415656
370393956;283017182;4.177248169415656
283017182;343385567;4.177248169415656
343385567;343385471;4.177248169415656
343385471;343385570;4.177248169415656
343385570;6196088415;4.177248169415656
6196088415;343453484;4.177248169415656
343453484;343385613;4.177248169415656
343385613;3148148181;4.177248169415656
3148148181;3019944249;4.177248169415656
459807812;459619606;0.5904900000000002
459619606;459619601;0.7217100000000002
459619601;2628327447;0.9900000000000001
2628327447;287097941;0.9
287097941;287097945;0.5314410000000002
287097945;287097952;0.6561000000000001
287097952;287097957;0.6561000000000001
287097957;2628327442;0.6561000000000001
2628327442;2917124759;0.6561000000000001
2917124759;8213504028;0.7290000000000001
8213504028;2917124717;0.7290000000000001
2917124717;2917124712;0.6561000000000001
2917124712;287098017;0.6561000000000001
287098017;766878121;0.6561000000000001
766878121;2917113998;0.5845851000000002
2917113998;287098014;0.5845851000000002
459807892;459807945;0.6430436100000003
459807945;418951754;0.6430436100000003
418951754;766490881;0.6430436100000003
766490881;247979973;0.6430436100000003
8019380650;8232221148;0.6430436100000003
8232221148;459278234;0.6430436100000003
459278234;766490866;0.6430436100000003
766490866;459278246;0.6430436100000003
459278246;459278239;0.6430436100000003
459278239;5851108193;0.6430436100000003
5851108193;459278271;0.6430436100000003
459278271;459278256;0.6430436100000003
459278256;459278227;0.6430436100000003
459278227;459278251;0.6430436100000003
459278251;459278255;0.6430436100000003
459278255;460007224;0.6430436100000003
460007224;8449237199;0.6430436100000003
8449237199;459278225;0.6430436100000003
459278225;459278224;0.6430436100000003
459278224;459278316;0.6430436100000003
459278316;459278217;0.6430436100000003
459278217;459278302;0.6430436100000003
459278302;286693842;0.6430436100000003
286693842;286693848;0.6430436100000003
286693848;286693850;0.6430436100000003
286693850;7080130615;0.7938810000000002
7080130615;7080130616;0.7938810000000002
7080130616;7080130617;0.7938810000000002
7080130617;7080130619;0.7938810000000002
7080130619;7080130625;0.7938810000000002
7080130625;7080130628;0.7938810000000002
7080130628;7080130626;0.7938810000000002
7080130626;459161255;0.7938810000000002
459161255;360814074;0.5053951031089063
360843269;360814236;0.28242953648100017
360814236;360814228;0.28242953648100017
360814228;360814254;0.25418658283290013
360814254;360814263;0.25418658283290013
360814263;360814268;0.25418658283290013
360814268;7101567049;0.25418658283290013
7101567049;360814277;0.25418658283290013
360814277;456077702;0.25418658283290013
456077702;459492914;0.25418658283290013
459492914;456077762;0.25418658283290013
456077762;456077732;0.25418658283290013
456077732;337986467;0.25418658283290013
337986467;343394730;0.25418658283290013
343394730;343394729;0.25418658283290013
343394729;343383844;0.25418658283290013
343383844;343382589;0.25418658283290013
343382589;343383903;0.25418658283290013
343383903;343382594;0.25418658283290013
343382594;5751503894;0.25418658283290013
5751503894;343382615;0.25418658283290013
343382615;343382619;0.25418658283290013
343382619;343380654;0.25418658283290013
343380654;8546897683;0.25418658283290013
8546897683;343377984;0.25418658283290013
343377984;2851156456;0.2058911320946491
2851156456;3019944249;0.2058911320946491
2527889955;2527889950;3.7595233524740905
2527889950;300223700;4.177248169415656
300223700;339665891;3.759523352474091
339665891;348229851;4.177248169415656
348229851;296917958;4.177248169415656
296917958;307612552;11.91817653772723
307612552;364990056;4.177248169415656
364990056;339465300;4.177248169415656
339465300;353108417;4.177248169415656
353108417;252152613;4.177248169415656
252152613;252152612;117.39085287969573
252152612;252152613;171.87194770116255
252152612;5485497987;2.4666232715582517
5485497987;307612550;2.4666232715582517
307612550;340008840;2.4666232715582517
340008840;340008838;2.4666232715582517
340008838;443115089;2.4666232715582517
443115089;5436840315;2.4666232715582517
5436840315;7251902028;2.4666232715582517
7251902028;340008856;2.4666232715582517
340008856;340008843;2.4666232715582517
340008843;2309510836;2.4666232715582517
2309510836;340008846;2.4666232715582517
340008846;2309510838;2.4666232715582517
2309510838;340008847;2.4666232715582517
340008847;250409372;2.4666232715582517
250409372;250409371;3.759523352474091
250409371;286986547;3.759523352474091
286986547;340008804;4.177248169415656
2527889955;8164290874;0.1853020188851842
8164290874;2527889959;0.2058911320946491
2527889959;348229852;0.2058911320946491
348229852;340271703;0.2058911320946491
340271703;683896168;0.2058911320946491
683896168;339675103;0.2058911320946491
339675103;296917292;0.2058911320946491
296917292;296917291;0.2058911320946491
339675095;250409377;0.3315897271497535
250409377;250408828;0.11915727916421706
250408828;340008807;0.11915727916421706
340008807;340008810;0.22648024530411404
340008810;340008806;0.2058911320946491
340008806;340008805;0.2058911320946491
340008804;286986547;3.3835710172266817
286986547;250409371;3.3835710172266817
250409371;250409372;3.3835710172266817
250409372;340008847;3.759523352474091
340008847;2309510838;3.759523352474091
2309510838;340008846;3.759523352474091
340008846;2309510836;3.759523352474091
2309510836;340008843;3.759523352474091
340008843;340008856;4.135475687721501
340008856;7251902028;3.759523352474091
7251902028;5436840315;3.759523352474091
5436840315;443115089;3.759523352474091
443115089;340008838;3.759523352474091
340008838;340008840;3.759523352474091
340008840;307612550;3.759523352474091
307612550;5485497987;3.759523352474091
5485497987;252152612;3.759523352474091
252152613;353108417;4.177248169415656
353108417;339465300;4.177248169415656
339465300;364990056;4.177248169415656
364990056;307612552;4.177248169415656
307612552;296917958;11.91817653772723
296917958;348229851;4.177248169415656
348229851;339665891;4.177248169415656
339665891;300223700;3.759523352474091
300223700;2527889950;4.177248169415656
2527889950;2527889955;3.7595233524740905
340008805;340008806;0.2058911320946491
340008806;340008810;0.2058911320946491
340008810;340008807;0.6461745714810592
340008807;250408828;0.48548051951995413
250408828;250409377;0.48548051951995413
250409377;339675095;0.22648024530411404
296917291;296917292;0.2058911320946491
296917292;339675103;0.2058911320946491
339675103;683896168;0.2058911320946491
683896168;340271703;0.2058911320946491
340271703;348229852;0.2058911320946491
348229852;2527889959;0.2058911320946491
2527889959;8164290874;0.2058911320946491
8164290874;2527889955;0.1853020188851842
340008844;2309510842;1.9487171000000014
2309510842;250409374;1.9487171000000014
250409374;250409377;1.2100000000000002
340008807;250410150;1.9487171000000014
250410150;3126225742;1.9487171000000014
3126225742;250410142;1.9487171000000014
250410142;7392777067;1.9487171000000014
7392777067;250409666;2.1435888100000016
250409666;250409665;2.1435888100000016
250409665;6324995117;2.1435888100000016
6324995117;250408818;0.8820900000000002
250408818;339501189;0.8820900000000002
339501189;339308957;0.8820900000000002
339308957;339308955;0.8820900000000002
339308955;2310040344;0.7179717460900655
2310040344;322107577;0.7179717460900655
322107577;322107578;0.7179717460900655
322107578;322107554;0.7179717460900655
322107554;26868559;0.7179717460900655
26868559;26868558;0.7179717460900655
26868558;26868557;0.7179717460900655
26868557;322850817;1.9487171000000014
322850817;339260482;2.5937424601000023
339260482;2894949860;2.5937424601000023
2894949860;329515966;2.5937424601000023
329515966;322107594;2.5937424601000023
322107594;322851884;2.5937424601000023
322851884;356025086;2.5937424601000023
356025086;322851886;2.5937424601000023
322851886;7376179377;2.5937424601000023
7376179377;322107487;2.5937424601000023
322107487;356025132;2.5937424601000023
356025132;7837933872;2.5937424601000023
7837933872;356025134;2.5937424601000023
356025134;7837933871;2.5937424601000023
7837933871;6481794571;2.5937424601000023
6481794571;356025139;2.5937424601000023
356025139;356025143;2.5937424601000023
356025143;356025149;3.1384283767210035
356025149;5936939661;3.1384283767210035
5936939661;6775404381;3.1384283767210035
6775404381;6775404372;3.1384283767210035
6775404372;6775404373;5.054470284992944
6775404373;6362800670;23.22515441988786
6362800670;6775404361;23.22515441988786
6775404361;286988762;23.22515441988786
286988762;2214333633;4.177248169415656
2214333633;2429151140;4.177248169415656
2429151140;2214333631;4.177248169415656
2214333631;286988763;4.177248169415656
286988763;631748952;4.177248169415656
631748952;631748951;4.177248169415656
631748951;2214331180;4.177248169415656
2214331180;286988764;4.177248169415656
286988764;7052867381;4.177248169415656
7052867381;1938084110;4.177248169415656
1938084110;2908654254;4.177248169415656
2908654254;6789821751;4.177248169415656
6789821751;6830374472;4.177248169415656
6830374472;7004163384;4.177248169415656
7004163384;7004163375;4.177248169415656
7004163375;6387479608;4.177248169415656
6387479610;2214331169;2.100931392681002
2214331169;6387462984;0.8139438675079251
6387462984;6387463392;0.9043820750088057
6387463392;7004288799;0.9043820750088057
7004288799;2119105497;0.9043820750088057
2119105497;459149866;0.9043820750088057
459149866;459149838;0.9043820750088057
459149838;459149859;0.9043820750088057
459149859;459149840;0.9043820750088057
459149840;2309510886;0.9043820750088057
2309510886;6984605096;0.9043820750088057
6984605096;6013354335;0.9043820750088057
6013354335;6984605099;0.9043820750088057
6984605099;7619601905;0.9043820750088057
7619601905;6654009798;0.9043820750088057
459807812;7724669920;11.220726627326938
7724669920;418951768;11.220726627326938
418951768;7724669920;11.220726627326938
7724669920;459807812;11.220726627326938
418951764;418951788;4.177248169415656
418951788;2430899495;4.177248169415656
2430899495;2430899498;4.177248169415656
2430899498;418951756;4.177248169415656
418951756;418951760;4.177248169415656
418951760;418000100;4.177248169415656
418000100;8242574725;4.177248169415656
8242574725;459807819;4.177248169415656
459807819;459807836;4.177248169415656
459807836;8214287982;4.177248169415656
8214287982;8242574721;4.177248169415656
8242574721;459642304;4.177248169415656
459642304;2533701315;4.177248169415656
2533701315;2848408200;4.177248169415656
2848408200;459807851;4.177248169415656
459807851;418000099;4.177248169415656
418000099;459807864;4.177248169415656
459807864;459807845;4.177248169415656
459807845;305383489;4.177248169415656
305383489;395563694;4.177248169415656
395563694;395563690;4.177248169415656
395563690;330658739;4.177248169415656
330658739;6481791228;4.177248169415656
6481791228;330658735;4.177248169415656
330658735;395563681;4.177248169415656
395563681;330658731;4.177248169415656
330658731;339266195;4.177248169415656
339266195;7201142377;4.177248169415656
7201142377;7201191893;4.177248169415656
7201191893;7201142380;4.177248169415656
7201142380;286832959;4.177248169415656
286832959;395563724;4.177248169415656
395563724;2628435491;4.177248169415656
2628435491;395563716;4.177248169415656
395563716;6548174233;4.177248169415656
6548174233;286832964;4.177248169415656
286832964;2207053252;4.177248169415656
2207053252;341467952;4.177248169415656
341467952;286832997;4.177248169415656
286832997;286832993;4.177248169415656
286832993;286832987;4.177248169415656
286832987;286832984;3.797498335832415
286832984;341468001;3.797498335832415
341468001;286834105;3.797498335832415
286834105;8144172971;3.797498335832415
8144172971;286834106;3.797498335832415
286834106;2283213259;3.797498335832415
2283213259;417999998;3.797498335832415
417999998;286834108;3.797498335832415
286834108;418000000;3.797498335832415
418000000;341467947;3.797498335832415
341467947;356506977;3.797498335832415
356506977;2643575545;3.797498335832415
2643575545;418081044;3.797498335832415
418081044;8449269535;3.797498335832415
8449269535;2643575559;3.797498335832415
2643575559;418081046;3.797498335832415
418081046;418081047;2.357947691000002
418081047;8199607046;2.357947691000002
8199607046;418081040;2.357947691000002
418081040;8199607044;2.357947691000002
8199607044;8199607043;2.357947691000002
8199607043;2630252091;2.357947691000002
2630252091;6105570316;2.357947691000002
6105570316;5818166950;2.357947691000002
5818166950;6482948298;2.357947691000002
6482948298;2643575604;2.357947691000002
2643575604;5818166949;2.357947691000002
5818166949;5818166947;2.357947691000002
5818166947;5818166945;2.357947691000002
5818166945;5818166943;2.357947691000002
5818166943;5818166941;2.357947691000002
5818166941;5818166909;2.357947691000002
5818166909;5818166896;2.357947691000002
5818166896;418016856;2.357947691000002
340008844;6949409658;0.47829690000000014
6949409658;339675095;0.47829690000000014
339803868;2635372002;0.9
2635372002;2854035178;0.9
2854035178;2847743581;0.9
2847743581;2847743582;0.9
2847743582;2847743584;0.9
2847743584;2847743589;0.9
2847743589;339803871;0.9
339803871;339803845;0.9
339803845;7372690684;0.9
7372690684;322107543;0.9
322107543;322107542;0.9
322107542;339499487;0.9
339499487;322107541;0.9
322107541;339499479;0.9
339499479;339499483;0.9
339499483;6277103900;0.9
6277103900;1281611561;0.9
1281611561;339499453;0.9
339499453;2439021023;0.9
2439021023;339499441;0.9
339499441;339499437;0.9
339499437;2525058027;0.9
2525058027;720815950;0.9
720815950;322107585;0.9
322107585;720794531;0.9
720794531;2438145132;0.9
2438145132;2309510869;0.9
2309510869;674163133;0.9
674163133;2309510874;0.9
2309510874;286823654;0.9
286823654;286823655;0.9
286823655;286823664;0.9
286823664;286823657;0.9
286823657;287387921;0.9
287387921;7283396590;0.9
7283396590;5480675208;0.9
5480675208;702397759;0.9
702397759;702398889;0.9
702398889;8139976078;0.9
8139976078;340304147;0.9
340304147;340304149;0.9
340304149;1748321114;0.9
1748321114;1748321117;0.9
1748321117;2321860548;0.9
2321860548;8283493824;0.9
8283493824;631748916;0.9
631748916;286988763;0.9
286988763;1925253000;0.9
1925253000;356507003;0.9
356507003;356506860;0.9
356506860;2429151147;0.9
2429151147;3050671022;0.9
3050671022;2357983495;0.9
2357983495;356506862;0.9
356506862;356506863;0.9
356506863;339264341;0.9
339264341;5108250647;0.38742048900000015
5108250647;3050671236;0.38742048900000015
3050671236;356506978;0.38742048900000015
356506978;356506980;0.38742048900000015
356506980;356506982;0.38742048900000015
356506982;356506984;0.38742048900000015
356506984;356506985;0.38742048900000015
356506985;356506988;0.38742048900000015
356506988;418055628;0.38742048900000015
418055628;356506990;0.38742048900000015
356506990;356506991;0.38742048900000015
356506991;356506993;0.38742048900000015
356506993;356506996;0.38742048900000015
356506996;5818249237;0.38742048900000015
5818249237;356506998;0.38742048900000015
356506998;305383471;0.38742048900000015
305383471;2643575597;0.43046721000000016
2643575597;418016845;0.38742048900000015
418016845;418016843;0.38742048900000015
418016843;6485194578;0.5904900000000002
6485194578;418016851;0.6561000000000001
418016851;418016852;0.6561000000000001
418016852;2630252095;0.5314410000000002
2630252095;2643575611;0.38742048900000015
2643575611;2643575617;0.38742048900000015
2643575617;5818166948;0.38742048900000015
5818166948;418016855;0.38742048900000015
418016855;5818166946;0.38742048900000015
5818166946;5818166944;0.38742048900000015
5818166944;5818166942;0.38742048900000015
5818166942;5818166940;0.38742048900000015
5818166940;418016856;0.38742048900000015
418016856;5818166896;2.1435888100000016
5818166896;5818166909;2.1435888100000016
5818166909;5818166941;2.1435888100000016
5818166941;5818166943;2.1435888100000016
5818166943;5818166945;2.1435888100000016
5818166945;5818166947;2.1435888100000016
5818166947;5818166949;2.1435888100000016
5818166949;2643575604;2.1435888100000016
2643575604;6482948298;2.1435888100000016
6482948298;5818166950;2.1435888100000016
5818166950;6105570316;2.1435888100000016
6105570316;2630252091;2.1435888100000016
2630252091;8199607043;2.1435888100000016
8199607043;8199607044;2.1435888100000016
8199607044;418081040;2.1435888100000016
418081040;8199607046;2.1435888100000016
8199607046;418081047;2.1435888100000016
418081047;418081046;2.1435888100000016
418081046;2643575559;3.4522712143931042
2643575559;8449269535;3.4522712143931042
8449269535;418081044;3.4522712143931042
418081044;2643575545;3.4522712143931042
2643575545;356506977;3.4522712143931042
356506977;341467947;3.4522712143931042
341467947;418000000;3.4522712143931042
418000000;286834108;3.4522712143931042
286834108;417999998;3.4522712143931042
417999998;2283213259;3.4522712143931042
2283213259;286834106;3.4522712143931042
286834106;8144172971;3.4522712143931042
8144172971;286834105;3.4522712143931042
286834105;341468001;3.4522712143931042
341468001;286832984;3.4522712143931042
286832984;286832987;3.4522712143931042
286832987;286832993;3.797498335832415
286832993;286832997;4.177248169415656
286832997;341467952;4.177248169415656
341467952;2207053252;4.177248169415656
2207053252;286832964;4.177248169415656
286832964;6548174233;4.177248169415656
6548174233;395563716;4.177248169415656
395563716;2628435491;4.177248169415656
2628435491;395563724;4.177248169415656
395563724;286832959;4.177248169415656
286832959;7201142380;4.177248169415656
7201142380;7201191893;4.177248169415656
7201191893;7201142377;4.177248169415656
7201142377;339266195;4.177248169415656
339266195;330658731;4.177248169415656
330658731;395563681;4.177248169415656
395563681;330658735;4.177248169415656
330658735;6481791228;4.177248169415656
6481791228;330658739;4.177248169415656
330658739;395563690;4.177248169415656
395563690;395563694;4.177248169415656
395563694;305383489;4.177248169415656
305383489;459807845;4.177248169415656
459807845;459807864;4.177248169415656
459807864;418000099;4.177248169415656
418000099;459807851;4.177248169415656
459807851;2848408200;4.177248169415656
2848408200;2533701315;4.177248169415656
2533701315;459642304;4.177248169415656
459642304;8242574721;4.177248169415656
8242574721;8214287982;4.177248169415656
8214287982;459807836;4.177248169415656
459807836;459807819;4.177248169415656
459807819;8242574725;4.177248169415656
8242574725;418000100;4.177248169415656
418000100;418951760;4.177248169415656
418951760;418951756;4.177248169415656
418951756;2430899498;4.177248169415656
2430899498;2430899495;4.177248169415656
2430899495;418951788;4.177248169415656
418951788;418951764;4.177248169415656
6654009798;7619601905;0.9043820750088057
7619601905;6984605099;0.9043820750088057
6984605099;6013354335;0.9043820750088057
6013354335;6984605096;0.9043820750088057
6984605096;2309510886;0.9043820750088057
2309510886;459149840;0.9043820750088057
459149840;459149859;0.9043820750088057
459149859;459149838;0.9043820750088057
459149838;459149866;0.9043820750088057
459149866;2119105497;0.9043820750088057
2119105497;7004288799;0.9043820750088057
7004288799;6387463392;0.9043820750088057
6387463392;6387462984;0.9043820750088057
6387462984;2214331169;0.8139438675079251
2214331169;6387479610;2.100931392681002
6387479608;7004163375;4.177248169415656
7004163375;7004163384;4.177248169415656
7004163384;6830374472;4.177248169415656
6830374472;6789821751;4.177248169415656
6789821751;2908654254;4.177248169415656
2908654254;1938084110;4.177248169415656
1938084110;7052867381;4.177248169415656
7052867381;286988764;4.177248169415656
286988764;2214331180;4.177248169415656
2214331180;631748951;4.177248169415656
631748951;631748952;4.177248169415656
631748952;286988763;4.177248169415656
286988763;2214333631;4.177248169415656
2214333631;2429151140;4.177248169415656
2429151140;2214333633;4.177248169415656
2214333633;286988762;4.177248169415656
286988762;6775404361;37.40434344477361
6775404361;6362800670;37.40434344477361
6362800670;6775404373;37.40434344477361
6775404373;6775404372;5.559917313492239
6775404372;6775404381;3.4522712143931042
6775404381;5936939661;3.4522712143931042
5936939661;356025149;3.4522712143931042
356025149;356025143;3.4522712143931042
356025143;356025139;2.853116706110003
356025139;6481794571;2.853116706110003
6481794571;7837933871;2.853116706110003
7837933871;356025134;2.853116706110003
356025134;7837933872;2.853116706110003
7837933872;356025132;2.853116706110003
356025132;322107487;2.853116706110003
322107487;7376179377;2.853116706110003
7376179377;322851886;2.853116706110003
322851886;356025086;2.853116706110003
356025086;322851884;2.853116706110003
322851884;322107594;2.853116706110003
322107594;329515966;2.853116706110003
329515966;2894949860;2.853116706110003
2894949860;339260482;2.853116706110003
339260482;322850817;2.853116706110003
322850817;26868557;2.1435888100000016
26868557;26868558;1.061800437828753
26868558;26868559;1.061800437828753
26868559;322107554;1.061800437828753
322107554;322107578;1.061800437828753
322107578;322107577;1.061800437828753
322107577;2310040344;1.061800437828753
2310040344;339308955;1.061800437828753
339308955;339308957;1.061800437828753
339308957;339501189;1.061800437828753
339501189;250408818;1.061800437828753
250408818;6324995117;1.310864738060189
6324995117;250409665;1.310864738060189
250409665;250409666;1.310864738060189
250409666;7392777067;1.310864738060189
7392777067;250410142;2.5937424601000023
250410142;3126225742;2.5937424601000023
3126225742;250410150;2.5937424601000023
250410150;340008807;2.5937424601000023
250409377;250409374;6.054749954393049
250409374;2309510842;2.1435888100000016
2309510842;340008844;2.1435888100000016
418016856;5818166940;0.43046721000000016
5818166940;5818166942;0.43046721000000016
5818166942;5818166944;0.43046721000000016
5818166944;5818166946;0.43046721000000016
5818166946;418016855;0.43046721000000016
418016855;5818166948;0.43046721000000016
5818166948;2643575617;0.43046721000000016
2643575617;2643575611;0.43046721000000016
2643575611;2630252095;0.43046721000000016
2630252095;418016852;0.5314410000000002
418016852;418016851;0.6561000000000001
418016851;6485194578;0.6561000000000001
6485194578;418016843;0.6561000000000001
418016843;418016845;0.43046721000000016
418016845;2643575597;0.43046721000000016
2643575597;305383471;0.43046721000000016
305383471;356506998;0.43046721000000016
356506998;5818249237;0.43046721000000016
5818249237;356506996;0.43046721000000016
356506996;356506993;0.43046721000000016
356506993;356506991;0.43046721000000016
356506991;356506990;0.43046721000000016
356506990;418055628;0.43046721000000016
418055628;356506988;0.43046721000000016
356506988;356506985;0.43046721000000016
356506985;356506984;0.43046721000000016
356506984;356506982;0.43046721000000016
356506982;356506980;0.43046721000000016
356506980;356506978;0.43046721000000016
356506978;3050671236;0.43046721000000016
3050671236;5108250647;0.43046721000000016
5108250647;339264341;0.43046721000000016
339264341;356506863;0.9
356506863;356506862;0.9
356506862;2357983495;0.9
2357983495;3050671022;0.9
3050671022;2429151147;0.9
2429151147;356506860;0.9
356506860;356507003;0.9
356507003;1925253000;0.9
1925253000;286988763;0.9
286988763;631748916;0.9
631748916;8283493824;0.9
8283493824;2321860548;0.9
2321860548;1748321117;0.9
1748321117;1748321114;0.9
1748321114;340304149;0.9
340304149;340304147;0.9
340304147;8139976078;0.9
8139976078;702398889;0.9
702398889;702397759;0.9
702397759;5480675208;0.9
5480675208;7283396590;0.9
7283396590;287387921;0.9
287387921;286823657;0.9
286823657;286823664;0.9
286823664;286823655;0.9
286823655;286823654;0.9
286823654;2309510874;0.9
2309510874;674163133;0.9
674163133;2309510869;0.9
2309510869;2438145132;0.9
2438145132;720794531;0.9
720794531;322107585;0.9
322107585;720815950;0.9
720815950;2525058027;0.9
2525058027;339499437;0.9
339499437;339499441;0.9
339499441;2439021023;0.9
2439021023;339499453;0.9
339499453;1281611561;0.9
1281611561;6277103900;0.9
6277103900;339499483;0.9
339499483;339499479;0.9
339499479;322107541;0.9
322107541;339499487;0.9
339499487;322107542;0.9
322107542;322107543;0.9
322107543;7372690684;0.9
7372690684;339803845;0.9
339803845;339803871;0.9
339803871;2847743589;0.9
2847743589;2847743584;0.9
2847743584;2847743582;0.9
2847743582;2847743581;0.9
2847743581;2854035178;0.9
2854035178;2635372002;0.9
2635372002;339803868;0.9
339675095;6949409658;0.43046721000000016
6949409658;340008844;0.43046721000000016
286678873;343522520;1.2100000000000002
343522520;286830449;1.2100000000000002
286830449;345532657;1.2100000000000002
345532657;286830447;1.2100000000000002
286830447;5891286604;1.2100000000000002
5891286604;5891286600;1.2100000000000002
5891286600;6126276486;1.2100000000000002
6126276486;307639927;1.2100000000000002
2386321386;286678884;0.81
286678884;7044802377;0.9
7044802377;286678885;0.7290000000000001
286678885;8497959608;0.9
8497959608;339665893;0.9
339665893;296917277;0.9
296917277;339665900;0.9
339665900;3740051642;0.9
3740051642;878698425;0.9
878698425;339665901;0.9
339665901;8164290874;0.9
2527889950;2527889949;0.9
2527889949;307639927;0.81
307639927;6126276486;1.2100000000000002
6126276486;5891286600;1.2100000000000002
5891286600;5891286604;1.2100000000000002
5891286604;286830447;1.2100000000000002
286830447;345532657;1.2100000000000002
345532657;286830449;1.2100000000000002
286830449;343522520;1.2100000000000002
343522520;286678873;1.2100000000000002
307639927;2527889949;0.81
2527889949;2527889950;0.9
8164290874;339665901;0.9
339665901;878698425;0.9
878698425;3740051642;0.9
3740051642;339665900;0.9
339665900;296917277;0.9
296917277;339665893;0.9
339665893;8497959608;0.9
8497959608;286678885;0.9
286678885;7044802377;0.7290000000000001
7044802377;286678884;0.9
286678884;2386321386;0.81
356507035;6362800672;1.6105100000000008
6362800672;356025114;1.6105100000000008
356025114;286988760;2.5937424601000023
286988760;356025116;2.5937424601000023
356025116;7140814705;2.5937424601000023
7140814705;356025118;1.4641000000000006
356025118;286988762;1.4641000000000006
26868557;26868572;1.6512106198034568
26868572;322107558;1.6512106198034568
322107558;339245534;1.6512106198034568
339245534;252260174;1.6512106198034568
252260174;2716538588;1.6512106198034568
2716538588;339803831;1.6512106198034568
339803831;7376456781;1.6512106198034568
7376456781;6324995120;1.6512106198034568
6324995120;6919988618;1.6512106198034568
6919988618;339803835;1.6512106198034568
339803835;339803838;1.6512106198034568
339803838;7392777067;1.6512106198034568
356025105;2467429473;0.7290000000000001
2467429473;286988759;0.5904900000000002
286988759;3426690390;0.7290000000000001
3426690390;276194473;0.7290000000000001
276194473;1840379675;0.7290000000000001
1840379675;276194474;0.7290000000000001
276194474;276194475;0.7290000000000001
276194475;276194464;0.7290000000000001
276194464;356025173;0.7290000000000001
356025173;26868550;0.7290000000000001
26868550;3114424171;0.7290000000000001
3114424171;300840855;0.7290000000000001
300840855;26868551;0.7290000000000001
26868551;394055540;0.7290000000000001
394055540;365706799;0.7290000000000001
365706799;7515105933;0.7290000000000001
7515105933;26868554;0.7290000000000001
26868554;26868555;0.7290000000000001
26868555;26868556;0.7290000000000001
26868556;665739846;0.7290000000000001
665739846;322850817;0.7290000000000001
250409374;340008816;5.054470284992944
340008816;340008810;3.1384283767210035
6324995117;6324995118;2.357947691000002
6324995118;418075440;2.357947691000002
418075440;418075439;2.357947691000002
418075439;5906632967;2.357947691000002
5906632967;418075436;2.357947691000002
418075436;418075434;2.357947691000002
418075434;418075432;2.357947691000002
418075432;418075454;2.491538658139648
418075454;418075451;2.491538658139648
418075451;418075449;2.491538658139648
418075449;2716538588;2.491538658139648
2716538588;252260174;2.2423847923256823
252260174;339245534;2.2423847923256823
339245534;322107558;2.2423847923256823
322107558;26868572;2.2423847923256823
26868572;26868557;2.2423847923256823
6775404373;6362800669;2.5937424601000023
6362800669;356025114;1.6105100000000008
356025114;6362800672;1.6105100000000008
6362800672;356507035;1.6105100000000008
322850817;665739846;0.7290000000000001
665739846;26868556;0.7290000000000001
26868556;26868555;0.7290000000000001
26868555;26868554;0.7290000000000001
26868554;7515105933;0.7290000000000001
7515105933;365706799;0.7290000000000001
365706799;394055540;0.7290000000000001
394055540;26868551;0.7290000000000001
26868551;300840855;0.7290000000000001
300840855;3114424171;0.7290000000000001
3114424171;26868550;0.7290000000000001
26868550;356025173;0.7290000000000001
356025173;276194464;0.7290000000000001
276194464;276194475;0.7290000000000001
276194475;276194474;0.7290000000000001
276194474;1840379675;0.7290000000000001
1840379675;276194473;0.7290000000000001
276194473;3426690390;0.7290000000000001
3426690390;286988759;0.7290000000000001
286988759;2467429473;0.5904900000000002
2467429473;356025105;0.7290000000000001
307639922;6152162709;2.853116706110003
6152162709;296917958;2.853116706110003
296917958;6152162709;2.853116706110003
6152162709;307639922;2.853116706110003
360814067;286693886;0.9
286693886;8482183976;0.9
8482183976;7721324244;0.9
7721324244;7721324237;0.9
7721324237;8482243493;0.9
8482243493;8482243495;0.9
8482243495;7721324238;0.9
7721324238;2990506700;0.9
2990506700;6384428778;0.9
6384428778;459278203;0.9
459278203;360814068;0.9
360814068;459278203;0.9
459278203;6384428778;0.9
6384428778;2990506700;0.9
2990506700;7721324238;0.9
7721324238;8482243495;0.9
8482243495;8482243493;0.9
8482243493;7721324237;0.9
7721324237;7721324244;0.9
7721324244;8482183976;0.9
8482183976;286693886;0.9
286693886;360814067;0.9
305383483;7589582559;0.6561000000000001
7589582559;7589582554;0.6561000000000001
7589582554;341467940;0.6561000000000001
341467940;6939265677;0.81
6939265677;423811411;0.81
423811411;423811421;0.81
423811421;423811401;0.6561000000000001
423811401;423811409;0.6561000000000001
423811409;1876325930;0.6561000000000001
1876325930;459204023;0.6561000000000001
459204023;7530118654;0.6561000000000001
7530118654;8542451986;0.6561000000000001
8542451986;5980994120;0.6561000000000001
5980994120;2915955767;0.81
2915955767;2915955760;0.81
2915955760;7020640216;0.81
7020640216;1876325928;0.81
1876325928;1724490219;0.81
1724490219;2731220657;0.81
2731220657;2915955749;0.7290000000000001
2915955749;418951721;0.7290000000000001
418951721;418951723;0.7290000000000001
418951723;459812743;0.6561000000000001
459812743;459812749;0.6561000000000001
459812749;459812750;0.6561000000000001
459812750;459812769;0.6561000000000001
459812769;459812770;0.6561000000000001
459812770;459642300;0.6561000000000001
459642300;459812770;0.6561000000000001
459812770;459812769;0.6561000000000001
459812769;459812750;0.6561000000000001
459812750;459812749;0.6561000000000001
459812749;459812743;0.6561000000000001
459812743;418951723;0.6561000000000001
418951723;418951721;0.7290000000000001
418951721;2915955749;0.7290000000000001
2915955749;2731220657;0.7290000000000001
2731220657;1724490219;0.81
1724490219;1876325928;0.81
1876325928;7020640216;0.81
7020640216;2915955760;0.81
2915955760;2915955767;0.81
2915955767;5980994120;0.81
5980994120;8542451986;0.6561000000000001
8542451986;7530118654;0.6561000000000001
7530118654;459204023;0.6561000000000001
459204023;1876325930;0.6561000000000001
1876325930;423811409;0.6561000000000001
423811409;423811401;0.6561000000000001
423811401;423811421;0.6561000000000001
423811421;423811411;0.81
423811411;6939265677;0.81
6939265677;341467940;0.81
341467940;7589582554;0.6561000000000001
7589582554;7589582559;0.6561000000000001
7589582559;305383483;0.6561000000000001
286808011;6387479606;3.1384283767210035
6387479606;2237548164;3.1384283767210035
2237548164;6376335890;3.1384283767210035
6376335890;2237548158;3.1384283767210035
2237548158;1938084076;3.1384283767210035
1938084076;6391787098;3.1384283767210035
6391787098;2306156492;3.1384283767210035
2306156492;286817662;3.1384283767210035
286817662;2237548139;3.1384283767210035
2237548139;286817663;3.1384283767210035
286817663;2214327833;3.1384283767210035
2214327833;1585161879;3.1384283767210035
1585161879;1585161866;3.1384283767210035
1585161866;286817673;3.1384283767210035
286817673;2214327835;3.1384283767210035
2214327835;2522006133;3.1384283767210035
2522006133;459161239;3.1384283767210035
459161239;2528983439;3.1384283767210035
2528983439;370436039;3.1384283767210035
370436039;370436080;3.1384283767210035
370436080;2447443790;3.1384283767210035
2447443790;8380269972;3.1384283767210035
8380269972;2443807684;3.1384283767210035
2443807684;459161248;3.1384283767210035
459161248;2214322140;3.1384283767210035
2214322140;7506821635;3.1384283767210035
7506821635;7506821627;3.1384283767210035
7506821627;6654371819;3.1384283767210035
6654371819;385088877;3.1384283767210035
385088877;6387525607;1.8532105721699852
6387525607;2469885325;1.8532105721699852
2469885325;341467932;1.8532105721699852
341467932;8423673023;1.8532105721699852
8423673023;286808941;1.8532105721699852
286808941;2469885319;1.8532105721699852
2469885319;247979969;1.8532105721699852
247979969;8124331619;1.8532105721699852
8124331619;8124331612;1.8532105721699852
8124331612;459203955;1.8532105721699852
459203955;7589582553;1.8532105721699852
7589582553;2469885295;1.8532105721699852
2469885295;459203585;1.8532105721699852
6830374435;6387479602;0.38742048900000015
6387479602;2214331169;0.38742048900000015
287097978;287097934;0.7290000000000001
287097934;287097939;0.43046721000000016
287097939;2628327450;0.7290000000000001
2628327450;459619601;0.7290000000000001
459619606;459619617;0.5314410000000002
459619617;459619622;0.5314410000000002
459619622;1842641128;0.5314410000000002
459203585;2469885295;1.6678895149529867
2469885295;7589582553;1.6678895149529867
7589582553;459203955;1.6678895149529867
459203955;8124331612;1.6678895149529867
8124331612;8124331619;1.6678895149529867
8124331619;247979969;1.6678895149529867
247979969;2469885319;1.6678895149529867
2469885319;286808941;1.6678895149529867
286808941;8423673023;1.6678895149529867
8423673023;341467932;1.6678895149529867
341467932;2469885325;1.6678895149529867
2469885325;6387525607;1.6678895149529867
6387525607;385088877;1.6678895149529867
385088877;6654371819;3.1384283767210035
6654371819;7506821627;3.1384283767210035
7506821627;7506821635;3.1384283767210035
7506821635;2214322140;3.1384283767210035
2214322140;459161248;3.1384283767210035
459161248;2443807684;3.1384283767210035
2443807684;8380269972;3.1384283767210035
8380269972;2447443790;3.1384283767210035
2447443790;370436080;3.1384283767210035
370436080;370436039;3.1384283767210035
370436039;2528983439;3.1384283767210035
2528983439;459161239;3.1384283767210035
459161239;2522006133;3.1384283767210035
2522006133;2214327835;3.1384283767210035
2214327835;286817673;3.1384283767210035
286817673;1585161866;3.1384283767210035
1585161866;1585161879;3.1384283767210035
1585161879;2214327833;3.1384283767210035
2214327833;286817663;3.1384283767210035
286817663;2237548139;3.1384283767210035
2237548139;286817662;3.1384283767210035
286817662;2306156492;3.1384283767210035
2306156492;6391787098;3.1384283767210035
6391787098;1938084076;3.1384283767210035
1938084076;2237548158;3.1384283767210035
2237548158;6376335890;3.1384283767210035
6376335890;2237548164;3.1384283767210035
2237548164;6387479606;3.1384283767210035
6387479606;286808011;3.1384283767210035
1842641128;459619622;0.5314410000000002
459619622;459619617;0.5314410000000002
459619617;459619606;0.5314410000000002
459619601;2628327450;0.7290000000000001
2628327450;287097939;0.7290000000000001
287097939;287097934;0.43046721000000016
287097934;287097978;0.7290000000000001
2214331169;6387479602;0.38742048900000015
6387479602;6830374435;0.38742048900000015
6372334163;2270254506;0.9801000000000002
2270254506;418863924;0.830470224985129
418863924;6993051306;0.8139438675079251
418951768;341467976;0.7938810000000002
343377984;343377970;0.81
343377970;343377968;0.81
343377968;343377963;0.81
343377963;343377944;0.81
343377944;2917194887;0.81
2917194887;8455137777;0.81
8455137777;343377908;0.81
343377908;8459363774;0.81
8459363774;343377919;0.81
343377919;343377921;0.81
343377921;353195782;0.81
353195782;343444695;0.81
343444695;350329404;0.81
350329404;459492927;0.81
459492927;350338063;0.81
350338063;343444710;0.81
343444710;8228752023;0.81
8228752023;343444715;0.81
343444715;345643973;0.81
345643973;343444723;0.81
343444723;286777500;0.81
286777500;350417690;0.81
350417690;350356260;0.81
350356260;286777516;0.81
286777516;286777519;0.81
286777519;287853127;0.81
287853127;286777522;0.81
286777522;286777527;0.81
286777527;2229963511;0.81
2229963511;286696382;0.81
286696382;286775807;0.81
286775807;459492949;0.81
459492949;286696385;0.81
286696385;2229963581;0.81
2229963581;6588117404;0.81
6588117404;2525058005;0.9
2525058005;286780496;0.9
286780496;2229963622;0.9
2229963622;286780495;0.9
286780495;6718214039;0.9
6718214039;419895599;0.9
419895599;459492990;0.9
459492990;7206205159;0.9
7206205159;7206205177;0.9
7206205177;461696491;0.9
461696491;6159148038;0.9
6159148038;419895604;0.9
419895604;6588117388;0.9
6588117388;247979976;0.81
459619363;2891860161;0.81
2891860161;459619359;0.81
459619359;459619410;0.81
459619410;459619396;0.81
459619396;6432664085;0.81
6432664085;459619531;0.81
5825114893;459619622;0.81
459619622;1842641143;0.81
1842641143;459619688;0.43046721000000016
459619688;7201192045;0.43046721000000016
7201192045;5398411406;0.43046721000000016
5398411406;5825046404;0.43046721000000016
5825046404;7199401950;0.5904900000000002
7199401950;2357373080;0.5904900000000002
2357373080;7201191963;0.5904900000000002
7201191963;2357373119;0.5904900000000002
2357373119;341467976;0.5314410000000002
341467976;418951768;0.7938810000000002
6993051306;418863924;0.8953382542587177
418863924;2270254506;0.9135172474836419
2270254506;6372334163;0.9801000000000002
341467976;2357373119;0.5314410000000002
2357373119;7201191963;0.5904900000000002
7201191963;2357373080;0.5904900000000002
2357373080;7199401950;0.5904900000000002
7199401950;5825046404;0.5904900000000002
5825046404;5398411406;0.43046721000000016
5398411406;7201192045;0.43046721000000016
7201192045;459619688;0.43046721000000016
459619688;1842641143;0.43046721000000016
1842641143;459619622;0.81
459619622;5825114893;0.81
459619531;6432664085;0.81
6432664085;459619396;0.81
459619396;459619410;0.81
459619410;459619359;0.81
459619359;2891860161;0.81
2891860161;459619363;0.81
247979976;6588117388;0.81
6588117388;419895604;0.9
419895604;6159148038;0.9
6159148038;461696491;0.9
461696491;7206205177;0.9
7206205177;7206205159;0.9
7206205159;459492990;0.9
459492990;419895599;0.9
419895599;6718214039;0.9
6718214039;286780495;0.9
286780495;2229963622;0.9
2229963622;286780496;0.9
286780496;2525058005;0.9
2525058005;6588117404;0.9
6588117404;2229963581;0.81
2229963581;286696385;0.81
286696385;459492949;0.81
459492949;286775807;0.81
286775807;286696382;0.81
286696382;2229963511;0.81
2229963511;286777527;0.81
286777527;286777522;0.81
286777522;287853127;0.81
287853127;286777519;0.81
286777519;286777516;0.81
286777516;350356260;0.81
350356260;350417690;0.81
350417690;286777500;0.81
286777500;343444723;0.81
343444723;345643973;0.81
345643973;343444715;0.81
343444715;8228752023;0.81
8228752023;343444710;0.81
343444710;350338063;0.81
350338063;459492927;0.81
459492927;350329404;0.81
350329404;343444695;0.81
343444695;353195782;0.81
353195782;343377921;0.81
343377921;343377919;0.81
343377919;8459363774;0.81
8459363774;343377908;0.81
343377908;8455137777;0.81
8455137777;2917194887;0.81
2917194887;343377944;0.81
343377944;343377963;0.81
343377963;343377968;0.81
343377968;343377970;0.81
343377970;343377984;0.81
5636799994;6841770963;0.9
247979960;3286879329;0.5904900000000002
3286879329;8589753788;0.5904900000000002
8589753788;8589753019;0.5904900000000002
8589753019;7254895801;0.5904900000000002
7254895801;8589753027;0.5904900000000002
8589753027;418055842;0.5904900000000002
418055842;356507038;0.5904900000000002
356507038;356507041;0.5904900000000002
356507041;356507044;0.5904900000000002
356507044;356507046;0.5904900000000002
356507046;356507049;0.5904900000000002
356507049;835973259;0.5904900000000002
835973259;766837137;0.5904900000000002
766837137;356507052;0.5904900000000002
356507052;766837089;0.5904900000000002
766837089;418055744;0.5904900000000002
418055744;418055689;0.6561000000000001
418055689;2627120637;0.6561000000000001
2627120637;7497194343;0.6561000000000001
7497194343;356507054;0.6561000000000001
356507054;356507057;0.5904900000000002
356507057;418055742;0.5904900000000002
418055742;356507060;0.5904900000000002
356507060;356507063;0.5904900000000002
356507063;2643575543;0.5904900000000002
2643575543;8584192271;0.6561000000000001
8584192271;2643575549;0.6561000000000001
2643575549;418081046;0.5904900000000002
418081046;2643575549;0.5904900000000002
2643575549;8584192271;0.6561000000000001
8584192271;2643575543;0.6561000000000001
2643575543;356507063;0.5904900000000002
356507063;356507060;0.5904900000000002
356507060;418055742;0.5904900000000002
418055742;356507057;0.5904900000000002
356507057;356507054;0.5904900000000002
356507054;7497194343;0.6561000000000001
7497194343;2627120637;0.6561000000000001
2627120637;418055689;0.6561000000000001
418055689;418055744;0.6561000000000001
418055744;766837089;0.5904900000000002
766837089;356507052;0.5904900000000002
356507052;766837137;0.5904900000000002
766837137;835973259;0.5904900000000002
835973259;356507049;0.5904900000000002
356507049;356507046;0.5904900000000002
356507046;356507044;0.5904900000000002
356507044;356507041;0.5904900000000002
356507041;356507038;0.5904900000000002
356507038;418055842;0.5904900000000002
418055842;8589753027;0.5904900000000002
8589753027;7254895801;0.5904900000000002
7254895801;8589753019;0.5904900000000002
8589753019;8589753788;0.5904900000000002
8589753788;3286879329;0.5904900000000002
3286879329;247979960;0.5904900000000002
6841770963;5636799994;0.9
6499889178;6762262857;0.81
6762262857;459825592;0.81
459825592;7589582575;0.81
7589582575;2915955780;0.81
2915955780;459825596;0.81
459825596;7589582562;0.81
7589582562;8542451984;0.9
8542451984;8542451983;0.9
8542451983;7530118650;0.9
7530118650;7363011039;0.81
7363011039;7530118651;0.81
7530118651;7363011056;0.81
7363011056;7005893156;0.81
7005893156;7005893159;0.81
7005893159;7005893156;0.81
7005893156;7363011056;0.81
7363011056;7530118651;0.81
7530118651;7363011039;0.81
7363011039;7530118650;0.81
7530118650;8542451983;0.9
8542451983;8542451984;0.9
8542451984;7589582562;0.9
7589582562;459825596;0.81
459825596;2915955780;0.81
2915955780;7589582575;0.81
7589582575;459825592;0.81
459825592;6762262857;0.81
6762262857;6499889178;0.81
339803865;339803863;0.9
339803863;7004243964;0.9
7004243964;6150139118;0.9
6150139118;6150139119;0.9
6150139119;339499419;0.9
339499419;286809534;0.9
286809534;286809537;0.9
286809537;286809542;0.9
286809542;3376478046;0.9
3376478046;339260491;0.9
339260491;286809545;0.9
286809545;8418818375;0.9
8418818375;6993051310;0.9
6993051310;339260494;0.9
339260494;6005411791;0.9
6005411791;5108274147;0.9
5108274147;6005408574;0.9
6005408574;6396864145;0.9801000000000002
6396864145;6005408574;0.8910000000000001
6005408574;5108274147;0.9
5108274147;6005411791;0.9
6005411791;339260494;0.9
339260494;6993051310;0.9
6993051310;8418818375;0.9
8418818375;286809545;0.9
286809545;339260491;0.9
339260491;3376478046;0.9
3376478046;286809542;0.9
286809542;286809537;0.9
286809537;286809534;0.9
286809534;339499419;0.9
339499419;6150139119;0.9
6150139119;6150139118;0.9
6150139118;7004243964;0.9
7004243964;339803863;0.9
339803863;339803865;0.9
2892021617;8497675821;0.9
8497675821;7721324239;0.9
7721324239;7721324260;0.9
7721324260;7721324248;0.81
7721324248;286693852;0.81
286693852;286693850;0.81
288408190;2917113985;0.7290000000000001
2917113985;287097999;0.7290000000000001
287097999;287097994;0.7290000000000001
287097994;287097992;0.7290000000000001
287097992;287097981;0.7290000000000001
287097981;2917124716;0.7290000000000001
2917124716;7296620316;0.7290000000000001
7296620316;2628327444;0.7290000000000001
2628327444;287097964;0.7290000000000001
287097964;287097967;0.7290000000000001
287097967;287097971;0.7290000000000001
287097971;287097967;0.7290000000000001
287097967;287097964;0.7290000000000001
287097964;2628327444;0.7290000000000001
2628327444;7296620316;0.7290000000000001
7296620316;2917124716;0.7290000000000001
2917124716;287097981;0.7290000000000001
287097981;287097992;0.7290000000000001
287097992;287097994;0.7290000000000001
287097994;287097999;0.7290000000000001
287097999;2917113985;0.7290000000000001
2917113985;288408190;0.7290000000000001
286693850;286693852;0.81
286693852;7721324248;0.81
7721324248;7721324260;0.81
7721324260;7721324239;0.9
7721324239;8497675821;0.9
8497675821;2892021617;0.9
286988762;356506866;0.43046721000000016
356506866;2357983497;0.43046721000000016
2357983497;2357983499;0.43046721000000016
2357983499;356506865;0.43046721000000016
356506865;339264341;0.43046721000000016
339264341;356506865;0.47829690000000014
356506865;2357983499;0.47829690000000014
2357983499;2357983497;0.47829690000000014
2357983497;356506866;0.47829690000000014
356506866;286988762;0.47829690000000014
6362800671;5790011246;0.81
5790011246;2467429473;0.81
2467429473;5790011246;0.81
5790011246;6362800671;0.81
341467940;341467942;0.81
341467942;423811421;0.81
5980994120;8426763358;0.81
8426763358;3784647876;0.9
3784647876;2731220657;0.9
2731220657;3784647876;0.9
3784647876;8426763358;0.9
8426763358;5980994120;0.81
423811421;341467942;0.81
341467942;341467940;0.81
2892021615;8497675822;0.9
8497675822;8497675820;0.9
8497675820;7721324245;0.9
7721324245;7721324261;0.9
7721324261;7721324260;0.9
7721324260;7721324261;0.9
7721324261;7721324245;0.9
7721324245;8497675820;0.9
8497675820;8497675822;0.9
8497675822;2892021615;0.9
418016843;418016849;0.6561000000000001
418016849;6485194579;0.6561000000000001
6485194579;6485194577;0.7290000000000001
6485194577;2630252095;0.7290000000000001
2630252095;6485194577;0.81
6485194577;6485194579;0.81
6485194579;418016849;0.6561000000000001
418016849;418016843;0.6561000000000001
286988759;7158591343;0.81
7158591343;2467429470;0.81
2467429470;356025125;0.81
356025125;356025123;0.81
356025123;3114424179;0.81
3114424179;8165425628;0.81
8165425628;252258520;0.81
252258520;2626856334;0.81
2626856334;356025143;0.81
418075432;6762672532;0.8139438675079249
6762672532;2310040339;0.8139438675079249
2310040339;339308955;0.8139438675079249
356025143;2626856334;0.81
2626856334;252258520;0.81
252258520;8165425628;0.81
8165425628;3114424179;0.81
3114424179;356025123;0.81
356025123;356025125;0.81
356025125;2467429470;0.81
2467429470;7158591343;0.81
7158591343;286988759;0.81
360814125;360814128;0.7290000000000001
360814128;360814157;0.7290000000000001
360814157;360814099;0.7290000000000001
360814099;360814105;0.81
360814105;7231395536;0.81
7231395536;386886263;0.81
386886263;2621438799;0.7290000000000001
2621438799;386886264;0.7290000000000001
386886264;2621438805;0.7290000000000001
2621438805;459161278;0.7290000000000001
459161278;386886265;0.7290000000000001
386886265;2629536453;0.7290000000000001
2629536453;418951708;0.7290000000000001
418951708;286824009;0.7290000000000001
286824009;8409411917;0.7290000000000001
8409411917;459203590;0.4687787916900003
459203590;2861632356;0.4687787916900003
2861632356;2861632358;0.4687787916900003
2861632358;459203530;0.4687787916900003
459203530;459203653;0.4687787916900003
459203653;459278219;0.4687787916900003
459278219;459203594;0.4687787916900003
459203594;459278219;0.4687787916900002
459278219;459203653;0.4687787916900002
459203653;459203530;0.4687787916900002
459203530;2861632358;0.4687787916900002
2861632358;2861632356;0.4687787916900002
2861632356;459203590;0.4687787916900002
459203590;8409411917;0.4687787916900002
8409411917;286824009;0.7290000000000001
286824009;418951708;0.7290000000000001
418951708;2629536453;0.7290000000000001
2629536453;386886265;0.7290000000000001
386886265;459161278;0.7290000000000001
459161278;2621438805;0.7290000000000001
2621438805;386886264;0.7290000000000001
386886264;2621438799;0.7290000000000001
2621438799;386886263;0.7290000000000001
386886263;7231395536;0.81
7231395536;360814105;0.81
360814105;360814099;0.81
360814099;360814157;0.7290000000000001
360814157;360814128;0.7290000000000001
360814128;360814125;0.7290000000000001
6841840739;339499414;0.9900000000000001
339499414;6821846803;0.9605960100000005
6821846803;3376478039;0.9605960100000005
3376478039;3376478040;0.9605960100000005
3376478040;418845571;0.9605960100000005
418845571;5814664949;0.8473321344609006
5814664949;339260492;0.8473321344609006
339260492;2270254506;0.8473321344609006
287097941;287097939;0.5904900000000002
287097934;2628327452;0.5904900000000002
2270254506;339260492;0.9320653479069907
339260492;5814664949;0.9320653479069907
5814664949;418845571;0.9320653479069907
418845571;3376478040;0.9605960100000005
3376478040;3376478039;0.9605960100000005
3376478039;6821846803;0.9605960100000005
6821846803;339499414;0.9605960100000005
339499414;6841840739;0.9900000000000001
2628327452;287097934;0.5904900000000002
287097939;287097941;0.5904900000000002
7140814705;6775404373;1.771561000000001
356025114;6362800669;0.5904900000000002
6362800669;356506961;0.5904900000000002
356506961;356506967;0.5904900000000002
356506967;6775404372;0.5904900000000002
6775404372;356506967;0.5904900000000002
356506967;356506961;0.5904900000000002
356506961;6362800669;0.5904900000000002
766878121;2917124703;0.8910000000000001
2917124703;2917124731;0.8910000000000001
2917124731;2917124736;0.8910000000000001
2917124736;7417206210;0.8910000000000001
7417206210;2917124760;0.8910000000000001
2917124760;6375487783;0.8910000000000001
6375487783;6375488791;0.8910000000000001
6375488791;6375488790;0.8910000000000001
6375488790;6375488789;1.1
6375488789;2628327447;1.1
5547365382;459807872;0.6430436100000003
459807872;459642301;0.7144929000000003
2628327447;6375488789;1.1
6375488789;6375488790;1.1
6375488790;6375488791;0.8910000000000001
6375488791;6375487783;0.8910000000000001
6375487783;2917124760;0.8910000000000001
2917124760;7417206210;0.8910000000000001
7417206210;2917124736;0.8910000000000001
2917124736;2917124731;0.8910000000000001
2917124731;2917124703;0.8910000000000001
2917124703;766878121;0.8910000000000001
459642301;459807872;0.6430436100000003
459807872;5547365382;0.5787392490000003
1724490219;8426763357;0.9
8426763357;1724490298;0.9
1724490298;1724490259;0.9
1724490259;1724490267;0.9
1724490267;1724490291;0.9
1724490291;1724490287;0.9
1724490287;418951723;0.9
418951723;1724490287;0.9
1724490287;1724490291;0.9
1724490291;1724490267;0.9
1724490267;1724490259;0.9
1724490259;1724490298;0.9
1724490298;8426763357;0.9
8426763357;1724490219;0.9
6417025394;6150139093;0.9702990000000004
6150139093;6150139092;0.9702990000000004
6150139092;339499414;0.9702990000000004
6375488790;287097945;0.81
339499414;6150139092;0.9702990000000004
6150139092;6150139093;0.9702990000000004
6150139093;6417025394;0.9702990000000004
287097945;6375488790;0.81
7392777067;339803838;0.9
339803838;339803835;0.9
339803835;6919988618;0.9
6919988618;6324995120;0.9
6324995120;7376456781;0.9
7376456781;339803831;0.9
339803831;2716538588;0.9
6485194579;418016852;0.81
418016852;6485194579;0.81
7589582562;7589582573;0.9
7589582573;7589582560;0.9
7589582560;7530118649;0.9
7530118649;7530118650;0.9
7530118650;7530118649;0.9
7530118649;7589582560;0.9
7589582560;7589582573;0.9
7589582573;7589582562;0.9
2326390478;6150139116;0.6239445717393903
6150139116;6150139095;0.6239445717393903
6150139095;6150139096;0.6239445717393903
6150139096;6821726904;0.7144929000000003
6821726904;2428993910;0.7938810000000002
2428993910;2562891271;0.7938810000000002
2562891271;7213883092;0.7938810000000002
7213883092;2562891273;0.7938810000000002
2562891273;418845571;0.8820900000000002
2917124717;8213504029;0.9
8213504029;2917124759;0.9
418845571;2562891273;0.9702990000000002
2562891273;7213883092;0.8732691000000002
7213883092;2562891271;0.8732691000000002
2562891271;2428993910;0.8732691000000002
2428993910;6821726904;0.8732691000000002
6821726904;6150139096;0.7859421900000003
6150139096;6150139095;0.6863390289133294
6150139095;6150139116;0.6863390289133294
6150139116;2326390478;0.6177051260219965
2917124759;8213504029;0.9
8213504029;2917124717;0.9
252152613;339675079;1.6105100000000008
339675079;6288610487;1.6105100000000008
6288610487;465205776;1.6105100000000008
465205776;6949409659;1.6105100000000008
250409372;340008816;0.5904900000000002
8426763358;1724490219;0.9
1724490219;8426763358;0.9
1842641143;1842641132;0.5314410000000002
1842641132;1842641141;0.5314410000000002
1842641141;1842641139;0.5314410000000002
1842641139;1842641141;0.5314410000000002
1842641141;1842641132;0.5314410000000002
1842641132;1842641143;0.5314410000000002
6150139096;5856146917;0.8732691000000004
5856146917;2326390480;0.8732691000000004
2326390480;7214267882;0.8732691000000004
7214267882;418845563;0.8732691000000004
418845563;418845565;0.8732691000000004
418845565;418845570;0.8732691000000004
418845570;5814664950;0.8732691000000004
5814664950;2562891273;0.8910000000000001
2562891273;8118721852;0.8019000000000002
8118721852;2562891276;0.8820900000000002
2562891276;8118721854;0.8820900000000002
8118721854;2562891279;0.8820900000000002
2562891279;418863924;0.9801000000000002
6588117404;5971884575;0.9
5971884575;6588117403;0.9
6588117403;6588117402;0.9
6588117402;6718214036;0.9
6718214036;7206205160;0.9
7206205160;7206205178;0.9
7206205178;6588117401;0.9
6588117401;6588117388;0.9
418863924;2562891279;0.9801000000000002
2562891279;8118721854;0.7938810000000002
8118721854;2562891276;0.7938810000000002
2562891276;8118721852;0.7938810000000002
8118721852;2562891273;0.8019000000000002
2562891273;5814664950;0.8910000000000001
5814664950;418845570;0.7859421900000003
418845570;418845565;0.7859421900000003
418845565;418845563;0.7859421900000003
418845563;7214267882;0.7859421900000003
7214267882;2326390480;0.7859421900000003
2326390480;5856146917;0.7859421900000003
5856146917;6150139096;0.8732691000000004
6588117388;6588117401;0.9
6588117401;7206205178;0.9
7206205178;7206205160;0.9
7206205160;6718214036;0.9
6718214036;6588117402;0.9
6588117402;6588117403;0.9
6588117403;5971884575;0.9
5971884575;6588117404;0.9
418951768;341467981;0.81
341467981;7201192006;0.81
7201192006;7201192004;0.81
7201192004;7201191996;0.81
7201191996;7201191964;0.7290000000000001
7201191964;7201191997;0.7290000000000001
7201191997;7201191998;0.7290000000000001
7201191998;7201192026;0.7290000000000001
7201192026;5825046404;0.7290000000000001
5825046404;7201192026;0.7290000000000001
7201192026;7201191998;0.7290000000000001
7201191998;7201191997;0.7290000000000001
7201191997;7201191964;0.7290000000000001
7201191964;7201191996;0.7290000000000001
7201191996;7201192004;0.81
7201192004;7201192006;0.81
7201192006;341467981;0.81
341467981;418951768;0.81
5814664950;8118721851;0.8820900000000002
8118721851;8118721852;0.9900000000000001
459161255;2926383605;0.6366131739000004
2926383605;459161254;0.7290000000000001
459161254;459161253;0.7290000000000001
459161253;286824011;0.7290000000000001
286824011;8409411917;0.6366131739000004
8118721852;8118721851;0.8910000000000001
8118721851;5814664950;0.7938810000000002
8409411917;286824011;0.6366131739000004
286824011;459161253;0.7290000000000001
459161253;459161254;0.7290000000000001
459161254;2926383605;0.7290000000000001
2926383605;459161255;0.6366131739000004
2562891279;6372334164;0.9
6372334164;956500347;0.7217100000000002
956500347;956500350;0.7217100000000002
2643575543;305383475;0.9
305383475;2643575549;0.9
2643575549;305383475;0.9
305383475;2643575543;0.9
956500350;956500347;0.6495390000000002
956500347;6372334164;0.6495390000000002
6372334164;2562891279;0.81
2926383605;5505553912;0.8732691000000002
5505553912;5856146943;0.8732691000000002
5856146943;286824011;0.8732691000000002
386886267;5250312006;0.9
5250312006;2621438778;0.9
2621438778;386886263;0.9
286824011;5856146943;0.8732691000000002
5856146943;5505553912;0.8732691000000002
5505553912;2926383605;0.8732691000000002
386886263;2621438778;0.9
2621438778;5250312006;0.9
5250312006;386886267;0.9
2357373119;7201191996;0.9
7201191996;2357373119;0.9
6821726904;7004243968;0.9
7004243968;7004243975;0.9
7004243975;7213883089;0.9
7213883089;5814664950;0.9
5814664950;7213883089;0.9
7213883089;7004243975;0.9
7004243975;7004243968;0.9
7004243968;6821726904;0.9
286678884;340280215;0.9
286826212;340280202;0.9
340280202;340280210;0.9
340280210;296917278;0.9
296917278;2783511452;0.9
2783511452;340280221;0.9
340280221;878698428;0.9
878698428;5684841332;0.9
5684841332;340271699;0.9
340271699;2527889959;0.9
2527889959;300223700;0.9
339665891;2527889949;0.9
2527889949;339665891;0.9
300223700;2527889959;0.9
2527889959;340271699;0.9
340271699;5684841332;0.9
5684841332;878698428;0.9
878698428;340280221;0.9
340280221;2783511452;0.9
2783511452;296917278;0.9
296917278;340280210;0.9
340280210;340280202;0.9
340280202;286826212;0.9
340280215;286678884;0.9
6949409659;465205776;1.1
465205776;6288610487;1.1
6288610487;339675079;1.1
339675079;252152613;1.1
250408818;250403083;0.81
250403083;250402929;0.81
250402929;250402941;0.81
250402941;250401834;0.81
250401834;250407520;0.81
250407520;339376872;0.81
339376872;339376869;0.9
339376869;340008804;0.81
6762262860;6762262846;0.9
6762262846;459832060;0.9
459832060;6939265676;0.9
6939265676;6939265675;0.9
6939265675;6939265674;0.9
459812727;459812728;0.9
459812728;459812731;0.9
459812731;459807872;0.9
459807872;459812731;0.9
459812731;459812728;0.9
459812728;459812727;0.9
6939265674;6939265675;0.9
6939265675;6939265676;0.9
6939265676;459832060;0.9
459832060;6762262846;0.9
6762262846;6762262860;0.9
8118721851;5814664948;0.8019000000000002
5814664948;8118721853;0.8019000000000002
8118721853;6372334164;0.8019000000000002
6372334164;8118721853;0.8019000000000002
8118721853;5814664948;0.8019000000000002
5814664948;8118721851;0.8019000000000002
418055744;8587822633;0.9
8587822633;8587822641;0.9
8587822641;2922439798;0.9
2922439798;356507054;0.9
356507054;2922439798;0.9
2922439798;8587822641;0.9
8587822641;8587822633;0.9
8587822633;418055744;0.9
286678876;2386321379;0.9
2386321379;6375779100;0.9
6375779100;286678885;0.81
7044802377;340280215;0.81
340280215;7044802377;0.81
286678885;6375779100;0.81
6375779100;2386321379;0.9
2386321379;286678876;0.9
6387462984;7004197740;0.9
7004197740;2119105527;0.9
2119105527;6387493928;0.9
6387493928;6387493910;0.9
6387493910;6654009821;0.9
6654009821;6654009822;0.9
6654009822;6387493914;0.9
6387493914;6387493913;0.9
6387493913;6387493912;0.9
6387493912;6387493913;0.9
6387493913;6387493914;0.9
6387493914;6654009822;0.9
6654009822;6654009821;0.9
6654009821;6387493910;0.9
6387493910;6387493928;0.9
6387493928;2119105527;0.9
2119105527;7004197740;0.9
7004197740;6387462984;0.9
6993051307;6005408574;1.0890000000000002
6005408574;6993051307;0.9900000000000001
286832987;835973260;0.9
835973260;286833010;0.9
286833010;8589753035;0.9
8589753035;6985156386;0.9
6985156386;6985149996;0.9
6985149996;2309510902;0.9
2309510902;6654009828;0.9
5856146917;6150139097;0.9
6150139097;7037090681;0.9
7037090681;6150139116;0.9
286678874;6375779100;0.9
6949409659;340008836;1.1
340008836;5951120392;1.1
5951120392;340008843;1.1
340008856;5951120415;1.1
5951120415;340008821;1.1
340008821;340131240;1.1
340131240;2282854750;1.1
2282854750;339376891;1.1
339376891;286991903;1.1
286991903;7277457953;1.1
296917285;2970387516;0.9
2970387516;307640468;0.9
307640468;250409377;0.9
250409374;250409372;0.9
286986547;339376875;0.9
339376875;5998440600;0.9
5998440600;339376879;0.9
339376879;339376877;0.9
339376877;5998440594;0.9
5998440594;7126508228;0.9
7126508228;7126437305;0.9
7126437305;7277457953;0.9
360814228;360814220;0.9
6654009828;2309510902;0.9
2309510902;6985149996;0.9
6985149996;6985156386;0.9
6985156386;8589753035;0.9
8589753035;286833010;0.9
286833010;835973260;0.9
835973260;286832987;0.9
6375779100;286678874;0.9
459825592;6939265674;0.9
286808017;6830374438;0.9
6830374438;6830374464;0.9
360814220;360814228;0.9
305383471;2643575601;0.9
2643575601;2643575597;0.9
6485194578;6485194579;0.9
286832993;286833004;0.9
286833004;6770187233;0.9
6770187233;6770187232;0.9
6770187232;286833010;0.9
286833010;2309510900;0.9
2309510900;6793563813;0.9
6793563813;6654009815;0.9
340008810;340008816;1.1
340008816;250409372;1.1
339376872;3150740572;0.9
3150740572;339376869;0.9
