459642295;459807929;1.6105100000000008
459807929;459807931;1.6105100000000008
459807931;459807928;1.6105100000000008
459807928;247979972;1.3045131000000005
247979972;459278230;1.6105100000000008
459278230;459278232;1.6105100000000008
459278232;459278234;1.6105100000000008
459278234;766490866;1.6105100000000008
766490866;459278246;1.6105100000000008
459278246;459278239;1.6105100000000008
459278239;5851108193;1.6105100000000008
5851108193;459278271;1.6105100000000008
459278271;459278256;1.6105100000000008
459278256;459278227;1.6105100000000008
459278227;459278251;1.6105100000000008
459278251;459278255;1.6105100000000008
459278255;460007224;1.6105100000000008
460007224;8449237199;1.6105100000000008
8449237199;459278225;1.6105100000000008
459278225;2926405952;1.6105100000000008
2926405952;459278224;1.6105100000000008
459278224;459278316;1.6105100000000008
459278316;459278217;1.6105100000000008
459278217;459278302;1.6105100000000008
459278302;286693842;1.6105100000000008
286693842;286693848;1.6105100000000008
286693848;286693850;1.6105100000000008
286693850;7080130615;1.6105100000000008
7080130615;7080130616;1.6105100000000008
7080130616;7080130617;1.6105100000000008
7080130617;7080130619;1.6105100000000008
7080130619;7080130625;1.6105100000000008
7080130625;7080130628;1.6105100000000008
7080130628;7080130626;1.6105100000000008
7080130626;459161255;1.6105100000000008
459161255;360814074;1.4641000000000006
360814074;7080130658;0.8732691000000004
7080130658;459161252;0.8732691000000004
459161252;2990506708;0.8732691000000004
2990506708;2990506707;0.8732691000000004
2990506707;7721324242;0.8732691000000004
7721324242;386886266;0.8732691000000004
386886266;2621438768;0.8732691000000004
2621438768;2621438766;0.8732691000000004
2621438766;7721324243;0.8732691000000004
7721324243;386886267;0.8732691000000004
386886267;286693876;0.8732691000000004
286693876;286693878;0.9605960100000005
286693878;360814067;0.9605960100000005
360814067;360814099;0.7780827681000004
360814099;360814093;0.8645364090000004
360814093;4510077005;0.8645364090000004
4510077005;360814121;0.7780827681000003
360814121;339665945;0.7780827681000003
339665945;8497964619;0.7780827681000003
8497964619;8497964631;0.7780827681000003
8497964631;339665942;0.7780827681000003
339665942;286778081;0.7780827681000003
286778081;2386321386;0.7780827681000003
2386321386;286678884;1.0673289000000004
286678884;7044802377;1.0673289000000004
7044802377;286678885;0.8645364090000005
286678885;8497959608;1.0673289000000004
8497959608;339665893;1.0673289000000004
339665893;296917277;1.2914679690000008
296917277;339665900;1.5626762424900014
339665900;3740051642;1.5626762424900014
3740051642;878698425;1.5626762424900014
878698425;339665901;1.5626762424900014
339665901;8164290874;2.0799220787541923
8164290874;2527889955;2.276063536982818
2527889955;2527889950;6.527686473330691
2527889950;300223700;7.252984970367436
300223700;2527889959;8.05887218929715
2527889959;348229852;0.8953382542587177
348229852;340271703;0.8953382542587177
340271703;683896168;0.8953382542587177
683896168;339675103;0.8953382542587177
339675103;296917292;0.6054127940141588
296917292;339675110;1.139190980775211
339675110;913161306;1.9292299290000015
913161306;339675112;1.9292299290000015
339675112;6652763152;2.1435888100000016
6652763152;296917287;2.1435888100000016
459642295;459642291;0.7859421900000002
459642291;3390705459;0.6495390000000002
3390705459;247979971;0.7859421900000002
247979971;8252526284;0.7859421900000002
8252526284;2626856307;0.7859421900000002
2626856307;309903015;0.7859421900000002
309903015;2891329439;0.7859421900000002
2891329439;2891329437;0.7859421900000002
2891329437;309903018;0.7859421900000002
309903018;459203594;0.5904900000000002
459203594;459278219;0.5904900000000002
459278219;459203653;0.5904900000000002
459203653;459203530;0.5904900000000002
459203530;2861632358;0.5904900000000002
2861632358;2861632356;0.5904900000000002
2861632356;459203590;0.5904900000000002
459203590;8409411917;0.5904900000000002
8409411917;286824009;0.6561000000000001
286824009;418951708;0.6561000000000001
418951708;2629536453;0.6561000000000001
2629536453;386886265;0.6561000000000001
386886265;459161278;0.6561000000000001
459161278;2621438805;0.6561000000000001
2621438805;386886264;0.6561000000000001
386886264;2621438799;0.6561000000000001
2621438799;386886263;0.6561000000000001
386886263;7231395536;0.6561000000000001
7231395536;360814105;0.6561000000000001
360814105;459161249;0.6561000000000001
459161249;1486928534;0.6561000000000001
1486928534;5927467340;0.6561000000000001
5927467340;360814110;0.6561000000000001
360814110;360814114;0.6561000000000001
360814114;286826221;0.6561000000000001
286826221;286826216;0.6561000000000001
286826216;286825166;0.5904900000000002
286825166;418845524;0.5904900000000002
418845524;286826212;0.5904900000000002
286826212;340280202;0.5904900000000002
340280202;340280210;0.6561000000000001
340280210;296917278;0.6561000000000001
296917278;340280208;0.47829690000000014
340280208;340280196;0.43046721000000016
340280196;339803903;0.34867844010000015
339803903;2970387517;0.43046721000000016
2970387517;339803913;0.43046721000000016
339803913;339803911;0.43046721000000016
339803911;296917279;0.43046721000000016
296917279;2429151138;0.43046721000000016
2429151138;2429151136;0.43046721000000016
2429151136;6652763153;0.43046721000000016
6652763153;296917287;0.43046721000000016
296917287;6652763152;2.1435888100000016
6652763152;339675112;2.1435888100000016
339675112;913161306;1.7363069361000014
913161306;339675110;1.7363069361000014
339675110;296917292;1.0252718826976899
296917292;339675103;0.544871514612743
339675103;683896168;0.8863848717161307
683896168;340271703;0.8863848717161307
340271703;348229852;0.8863848717161307
348229852;2527889959;0.8863848717161307
2527889959;300223700;8.776111814144597
300223700;2527889950;7.898500632730138
2527889950;2527889955;7.898500632730138
2527889955;8164290874;2.7540368797492096
8164290874;339665901;2.287914286629612
339665901;878698425;1.7189438667390016
878698425;3740051642;1.5626762424900014
3740051642;339665900;1.5626762424900014
339665900;296917277;1.5626762424900014
296917277;339665893;1.2914679690000008
339665893;8497959608;1.0673289000000004
8497959608;286678885;1.0673289000000004
286678885;7044802377;0.8645364090000005
7044802377;286678884;1.0673289000000004
286678884;2386321386;1.0673289000000004
2386321386;286778081;0.7780827681000003
286778081;339665942;0.7780827681000003
339665942;8497964631;0.7780827681000003
8497964631;8497964619;0.7780827681000003
8497964619;339665945;0.7780827681000003
339665945;360814121;0.7780827681000003
360814121;4510077005;0.7780827681000003
4510077005;360814093;0.7780827681000003
360814093;360814099;0.7780827681000003
360814099;360814067;0.7002744912900004
360814067;286693878;0.8645364090000005
286693878;286693876;0.8645364090000005
286693876;386886267;0.8732691000000004
386886267;7721324243;0.8732691000000004
7721324243;2621438766;0.8732691000000004
2621438766;2621438768;0.8732691000000004
2621438768;386886266;0.8732691000000004
386886266;7721324242;0.8732691000000004
7721324242;2990506707;0.8732691000000004
2990506707;2990506708;0.8732691000000004
2990506708;459161252;0.8732691000000004
459161252;7080130658;0.8732691000000004
7080130658;360814074;0.8732691000000004
360814074;459161255;1.4641000000000006
459161255;7080130626;1.6105100000000008
7080130626;7080130628;1.6105100000000008
7080130628;7080130625;1.6105100000000008
7080130625;7080130619;1.6105100000000008
7080130619;7080130617;1.6105100000000008
7080130617;7080130616;1.6105100000000008
7080130616;7080130615;1.6105100000000008
7080130615;286693850;1.6105100000000008
286693850;286693848;1.6105100000000008
286693848;286693842;1.6105100000000008
286693842;459278302;1.6105100000000008
459278302;459278217;1.6105100000000008
459278217;459278316;1.6105100000000008
459278316;459278224;1.6105100000000008
459278224;2926405952;1.6105100000000008
2926405952;459278225;1.6105100000000008
459278225;8449237199;1.6105100000000008
8449237199;460007224;1.6105100000000008
460007224;459278255;1.6105100000000008
459278255;459278251;1.6105100000000008
459278251;459278227;1.6105100000000008
459278227;459278256;1.6105100000000008
459278256;459278271;1.6105100000000008
459278271;5851108193;1.6105100000000008
5851108193;459278239;1.6105100000000008
459278239;459278246;1.6105100000000008
459278246;766490866;1.6105100000000008
766490866;459278234;1.6105100000000008
459278234;459278232;1.6105100000000008
459278232;459278230;1.6105100000000008
459278230;247979972;1.6105100000000008
247979972;459807928;1.3045131000000005
459807928;459807931;1.6105100000000008
459807931;459807929;1.6105100000000008
459807929;459642295;1.6105100000000008
296917287;6652763153;0.43046721000000016
6652763153;2429151136;0.43046721000000016
2429151136;2429151138;0.43046721000000016
2429151138;296917279;0.43046721000000016
296917279;339803911;0.43046721000000016
339803911;339803913;0.43046721000000016
339803913;2970387517;0.43046721000000016
2970387517;339803903;0.43046721000000016
339803903;340280196;0.34867844010000015
340280196;340280208;0.43046721000000016
340280208;296917278;0.47829690000000014
296917278;340280210;0.6561000000000001
340280210;340280202;0.6561000000000001
340280202;286826212;0.5904900000000002
286826212;418845524;0.5904900000000002
418845524;286825166;0.5904900000000002
286825166;286826216;0.5904900000000002
286826216;286826221;0.6561000000000001
286826221;360814114;0.6561000000000001
360814114;360814110;0.6561000000000001
360814110;5927467340;0.6561000000000001
5927467340;1486928534;0.6561000000000001
1486928534;459161249;0.6561000000000001
459161249;360814105;0.6561000000000001
360814105;7231395536;0.6561000000000001
7231395536;386886263;0.6561000000000001
386886263;2621438799;0.6561000000000001
2621438799;386886264;0.6561000000000001
386886264;2621438805;0.6561000000000001
2621438805;459161278;0.6561000000000001
459161278;386886265;0.6561000000000001
386886265;2629536453;0.6561000000000001
2629536453;418951708;0.6561000000000001
418951708;286824009;0.6561000000000001
286824009;8409411917;0.6561000000000001
8409411917;459203590;0.5904900000000002
459203590;2861632356;0.5904900000000002
2861632356;2861632358;0.5904900000000002
2861632358;459203530;0.5904900000000002
459203530;459203653;0.5904900000000002
459203653;459278219;0.5904900000000002
459278219;459203594;0.5904900000000002
459203594;309903018;0.5904900000000002
309903018;2891329437;0.7859421900000002
2891329437;2891329439;0.7859421900000002
2891329439;309903015;0.7859421900000002
309903015;2626856307;0.7859421900000002
2626856307;8252526284;0.7859421900000002
8252526284;247979971;0.7859421900000002
247979971;3390705459;0.7859421900000002
3390705459;459642291;0.6495390000000002
459642291;459642295;0.7859421900000002
360814125;3478438688;1.4494590000000007
3478438688;360814136;1.4494590000000007
360814136;8463614955;1.4494590000000007
8463614955;7016742266;1.4494590000000007
7016742266;360814168;1.4494590000000007
360814168;360814173;1.4494590000000007
360814173;360814192;1.4494590000000007
360814192;360814220;0.7073479710000004
360814220;360814212;0.6430436100000002
360814212;360843269;0.6430436100000002
360843269;360843276;0.9414801494010006
360843276;2990506689;0.9414801494010006
2990506689;360843281;0.9414801494010006
360843281;456048515;1.9487171000000014
456048515;456048526;1.9487171000000014
456048526;8767369241;1.9487171000000014
8767369241;2892021615;1.771561000000001
2892021615;2892021617;1.6105100000000008
2892021617;360814074;1.6105100000000008
360814125;360814128;0.9
360814128;360814157;0.9
360814157;360814099;0.9
360814074;2892021617;1.6105100000000008
2892021617;2892021615;1.4641000000000006
2892021615;8767369241;1.6105100000000008
8767369241;456048526;1.771561000000001
456048526;456048515;1.771561000000001
456048515;360843281;1.771561000000001
360843281;2990506689;0.9605960100000004
2990506689;360843276;0.9605960100000004
360843276;360843269;0.9605960100000004
360843269;360814212;0.7144929000000002
360814212;360814220;0.7144929000000002
360814220;360814192;0.7859421900000003
360814192;360814173;1.4494590000000007
360814173;360814168;1.4494590000000007
360814168;7016742266;1.4494590000000007
7016742266;8463614955;1.4494590000000007
8463614955;360814136;1.4494590000000007
360814136;3478438688;1.4494590000000007
3478438688;360814125;1.4494590000000007
360814099;360814157;0.9
360814157;360814128;0.9900000000000001
360814128;360814125;0.9900000000000001
459149826;3334385656;1.3310000000000004
3334385656;8164359233;1.3310000000000004
8164359233;459169362;1.3310000000000004
459169362;2627270685;1.3310000000000004
2627270685;6281856136;1.3310000000000004
6281856136;418894163;1.3310000000000004
418894163;2178196916;1.3310000000000004
2178196916;8511266971;1.3310000000000004
8511266971;7696040199;1.3310000000000004
7696040199;459203610;1.3310000000000004
459203610;2176147896;1.3310000000000004
2176147896;2176147898;1.3310000000000004
2176147898;459203558;1.3310000000000004
459203558;459203834;1.3310000000000004
459203834;2938641164;1.3310000000000004
2938641164;8124331610;1.3310000000000004
8124331610;459203783;1.3310000000000004
459203783;459278284;1.3310000000000004
459278284;309903018;1.3310000000000004
459149826;2469885292;0.7290000000000001
2469885292;2443807668;0.9
2443807668;370436052;0.9
370436052;8007718038;0.9
8007718038;3334385689;0.9
3334385689;2214323440;0.9
2214323440;286825175;0.9
286825175;2443807672;0.9
2443807672;1585161849;0.9
1585161849;370436039;0.9
370436039;370436080;0.9
370436080;2447443790;0.6561000000000001
2447443790;8380269972;0.6561000000000001
8380269972;2443807684;0.6561000000000001
2443807684;459161248;0.81
459161248;2214322140;0.81
2214322140;7506821635;0.81
7506821635;7506821627;0.81
7506821627;6654371819;0.81
6654371819;385088877;0.81
385088877;6387525607;0.9
6387525607;2469885325;0.9
2469885325;341467932;0.9
341467932;8423673023;0.9
8423673023;286808941;0.9
286808941;2469885319;0.9
2469885319;247979969;0.9
247979969;8124331619;0.9
8124331619;8124331612;0.9
8124331612;459203955;0.9
459203955;7589582553;0.9
7589582553;2469885295;0.9
2469885295;459203585;0.8019000000000002
459203585;8173405496;0.6561000000000001
8173405496;459203855;0.6561000000000001
459203855;459203888;0.6561000000000001
459203888;3390705457;0.6561000000000001
3390705457;3390705459;0.81
309903018;459278284;1.3310000000000004
459278284;459203783;1.3310000000000004
459203783;8124331610;1.3310000000000004
8124331610;2938641164;1.3310000000000004
2938641164;459203834;1.3310000000000004
459203834;459203558;1.3310000000000004
459203558;2176147898;1.3310000000000004
2176147898;2176147896;1.3310000000000004
2176147896;459203610;1.3310000000000004
459203610;7696040199;1.3310000000000004
7696040199;8511266971;1.3310000000000004
8511266971;2178196916;1.3310000000000004
2178196916;418894163;1.3310000000000004
418894163;6281856136;1.3310000000000004
6281856136;2627270685;1.3310000000000004
2627270685;459169362;1.3310000000000004
459169362;8164359233;1.3310000000000004
8164359233;3334385656;1.3310000000000004
3334385656;459149826;1.3310000000000004
3390705459;3390705457;0.81
3390705457;459203888;0.6561000000000001
459203888;459203855;0.6561000000000001
459203855;8173405496;0.6561000000000001
8173405496;459203585;0.6561000000000001
459203585;2469885295;0.8019000000000002
2469885295;7589582553;0.9
7589582553;459203955;0.9
459203955;8124331612;0.9
8124331612;8124331619;0.9
8124331619;247979969;0.9
247979969;2469885319;0.9
2469885319;286808941;0.9
286808941;8423673023;0.9
8423673023;341467932;0.9
341467932;2469885325;0.9
2469885325;6387525607;0.9
6387525607;385088877;0.9
385088877;6654371819;0.81
6654371819;7506821627;0.81
7506821627;7506821635;0.81
7506821635;2214322140;0.81
2214322140;459161248;0.81
459161248;2443807684;0.81
2443807684;8380269972;0.6561000000000001
8380269972;2447443790;0.6561000000000001
2447443790;370436080;0.6561000000000001
370436080;370436039;0.9
370436039;1585161849;0.9
1585161849;2443807672;0.9
2443807672;286825175;0.9
286825175;2214323440;0.9
2214323440;3334385689;0.9
3334385689;8007718038;0.9
8007718038;370436052;0.9
370436052;2443807668;0.9
2443807668;2469885292;0.9
2469885292;459149826;0.7290000000000001
370436080;459169403;1.3310000000000004
459169403;1585161837;1.0781100000000003
1585161837;8943625291;1.0781100000000003
8943625291;8943625299;1.0781100000000003
8943625299;418894180;1.0781100000000003
418894180;2915955746;1.0781100000000003
2915955746;418894183;1.0781100000000003
418894183;2469885298;1.0781100000000003
459203585;2469885296;1.1979000000000004
2469885296;6416266657;1.1979000000000004
6416266657;3050212836;1.1979000000000004
3050212836;3050212834;1.1979000000000004
3050212834;2731274451;1.1979000000000004
2731274451;8426375868;1.1979000000000004
8426375868;3784642584;1.1979000000000004
3784642584;1724490220;1.1979000000000004
1724490220;1724490222;1.1979000000000004
1724490222;459642291;1.1979000000000004
459642295;459807936;1.3310000000000004
459807936;459642296;1.3310000000000004
459642296;2629488505;1.3310000000000004
2629488505;459807943;1.3310000000000004
459807943;459807887;1.3310000000000004
459807887;459807888;1.3310000000000004
459807888;459807890;1.3310000000000004
459807890;459807891;1.3310000000000004
459807891;459807892;1.3310000000000004
459807892;288408189;1.3310000000000004
288408189;3394211708;1.3310000000000004
3394211708;8327420312;1.3310000000000004
8327420312;3394211714;1.3310000000000004
3394211714;3394211719;1.3310000000000004
3394211719;2447443796;1.3310000000000004
2447443796;8935777197;1.3310000000000004
8935777197;459807884;1.3310000000000004
459807884;8327420303;1.3310000000000004
8327420303;418952263;1.3310000000000004
418952263;288408190;1.3310000000000004
288408190;2917113983;1.3310000000000004
2917113983;287098001;1.3310000000000004
287098001;287098014;1.3310000000000004
287098014;2917113987;1.3310000000000004
2917113987;2917113990;1.3310000000000004
2917113990;8196501607;1.3310000000000004
8196501607;8196501592;1.3310000000000004
8196501592;6375491388;1.3310000000000004
6375491388;459619521;1.3310000000000004
459619521;459619647;1.3310000000000004
459619647;2917113984;1.3310000000000004
2917113984;459619638;1.3310000000000004
459619638;3394211722;1.3310000000000004
3394211722;459619584;1.3310000000000004
459619584;459619661;1.3310000000000004
459619661;5398411417;1.3310000000000004
5398411417;8935777186;1.3310000000000004
8935777186;8935777185;1.3310000000000004
8935777185;5089981730;1.3310000000000004
5089981730;2430899363;1.3310000000000004
2430899363;1945774162;1.3310000000000004
1945774162;5825114893;1.3310000000000004
5825114893;1842641128;1.3310000000000004
1842641128;1842641139;1.2100000000000002
1842641139;1945774171;1.2100000000000002
1945774171;1842641140;1.2100000000000002
1842641140;5825114907;1.2100000000000002
5825114907;5825114900;1.2100000000000002
5825114900;5825114897;1.2100000000000002
5825114897;1842641142;1.2100000000000002
1842641142;1945774031;1.2100000000000002
1945774031;7182256058;1.2100000000000002
7182256058;1842641136;1.2100000000000002
1842641136;1842641137;1.2100000000000002
1842641137;7182256046;1.2100000000000002
7182256046;8426920267;1.2100000000000002
8426920267;8426920255;1.2100000000000002
2443807684;2443807681;0.81
2443807681;2443807680;0.81
2443807680;2443807676;0.81
2443807676;2469885300;0.81
2469885300;2469885298;0.81
3390705457;247979971;0.81
247979971;3390705454;0.81
3390705454;459807928;0.81
247979972;459278293;0.81
459278293;766490858;0.81
766490858;8019380650;0.81
8019380650;247979973;0.81
247979973;459278347;0.81
459278347;6384238505;0.81
6384238505;6752997232;0.81
6752997232;766490875;0.81
766490875;247979974;0.81
247979974;459619479;0.81
459619479;247979975;0.81
247979975;459619384;0.81
459619384;369735710;0.81
369735710;247979976;0.81
247979976;459619363;0.81
459619363;459507401;0.81
459507401;459507420;0.81
459507420;7076679637;0.81
7076679637;7076679638;0.81
7076679638;7076679626;0.81
7076679626;7182256006;0.81
7182256006;7182256009;0.81
7182256009;1945773881;0.81
1945773881;1945773886;0.81
1945773886;1945773891;0.81
1945773891;1945773895;0.81
1945773895;1945773898;0.81
1945773898;1945773908;0.81
1945773908;1945773937;0.81
1945773937;8426920256;0.81
8426920256;8426920259;0.81
8426920259;8426920255;0.81
8426920255;8426920267;1.2100000000000002
8426920267;7182256046;1.2100000000000002
7182256046;1842641137;1.2100000000000002
1842641137;1842641136;1.2100000000000002
1842641136;7182256058;1.2100000000000002
7182256058;1945774031;1.2100000000000002
1945774031;1842641142;1.2100000000000002
1842641142;5825114897;1.2100000000000002
5825114897;5825114900;1.2100000000000002
5825114900;5825114907;1.2100000000000002
5825114907;1842641140;1.2100000000000002
1842641140;1945774171;1.2100000000000002
1945774171;1842641139;1.2100000000000002
1842641139;1842641128;1.2100000000000002
1842641128;5825114893;1.3310000000000004
5825114893;1945774162;1.3310000000000004
1945774162;2430899363;1.3310000000000004
2430899363;5089981730;1.3310000000000004
5089981730;8935777185;1.3310000000000004
8935777185;8935777186;1.3310000000000004
8935777186;5398411417;1.3310000000000004
5398411417;459619661;1.3310000000000004
459619661;459619584;1.3310000000000004
459619584;3394211722;1.3310000000000004
3394211722;459619638;1.3310000000000004
459619638;2917113984;1.3310000000000004
2917113984;459619647;1.3310000000000004
459619647;459619521;1.3310000000000004
459619521;6375491388;1.3310000000000004
6375491388;8196501592;1.3310000000000004
8196501592;8196501607;1.3310000000000004
8196501607;2917113990;1.3310000000000004
2917113990;2917113987;1.3310000000000004
2917113987;287098014;1.3310000000000004
287098014;287098001;1.3310000000000004
287098001;2917113983;1.3310000000000004
2917113983;288408190;1.3310000000000004
288408190;418952263;1.3310000000000004
418952263;8327420303;1.3310000000000004
8327420303;459807884;1.3310000000000004
459807884;8935777197;1.3310000000000004
8935777197;2447443796;1.3310000000000004
2447443796;3394211719;1.3310000000000004
3394211719;3394211714;1.3310000000000004
3394211714;8327420312;1.3310000000000004
8327420312;3394211708;1.3310000000000004
3394211708;288408189;1.3310000000000004
288408189;459807892;1.3310000000000004
459807892;459807891;1.3310000000000004
459807891;459807890;1.3310000000000004
459807890;459807888;1.3310000000000004
459807888;459807887;1.3310000000000004
459807887;459807943;1.3310000000000004
459807943;2629488505;1.3310000000000004
2629488505;459642296;1.3310000000000004
459642296;459807936;1.3310000000000004
459807936;459642295;1.3310000000000004
459642291;1724490222;1.1979000000000004
1724490222;1724490220;1.1979000000000004
1724490220;3784642584;1.1979000000000004
3784642584;8426375868;1.1979000000000004
8426375868;2731274451;1.1979000000000004
2731274451;3050212834;1.1979000000000004
3050212834;3050212836;1.1979000000000004
3050212836;6416266657;1.1979000000000004
6416266657;2469885296;1.1979000000000004
2469885296;459203585;1.1979000000000004
2469885298;418894183;1.0781100000000003
418894183;2915955746;1.0781100000000003
2915955746;418894180;1.0781100000000003
418894180;8943625299;1.0781100000000003
8943625299;8943625291;1.0781100000000003
8943625291;1585161837;1.0781100000000003
1585161837;459169403;1.0781100000000003
459169403;370436080;1.3310000000000004
8426920255;8426920259;0.81
8426920259;8426920256;0.81
8426920256;1945773937;0.81
1945773937;1945773908;0.81
1945773908;1945773898;0.81
1945773898;1945773895;0.81
1945773895;1945773891;0.81
1945773891;1945773886;0.81
1945773886;1945773881;0.81
1945773881;7182256009;0.81
7182256009;7182256006;0.81
7182256006;7076679626;0.81
7076679626;7076679638;0.81
7076679638;7076679637;0.81
7076679637;459507420;0.81
459507420;459507401;0.81
459507401;459619363;0.81
459619363;247979976;0.81
247979976;369735710;0.81
369735710;459619384;0.81
459619384;247979975;0.81
247979975;459619479;0.81
459619479;247979974;0.81
247979974;766490875;0.81
766490875;6752997232;0.81
6752997232;6384238505;0.81
6384238505;459278347;0.81
459278347;247979973;0.81
247979973;8019380650;0.81
8019380650;766490858;0.81
766490858;459278293;0.81
459278293;247979972;0.81
459807928;3390705454;0.81
3390705454;247979971;0.81
247979971;3390705457;0.81
2469885298;2469885300;0.81
2469885300;2443807676;0.81
2443807676;2443807680;0.81
2443807680;2443807681;0.81
2443807681;2443807684;0.81
340008836;340008844;2.5803076069140527
340008844;6949409658;2.7540368797492096
6949409658;339675095;3.0600409774991193
339675095;339675114;2.0799220787541923
339675114;2858207229;2.5678050354990023
2858207229;2309510847;2.5678050354990023
2309510847;296917285;2.5678050354990023
296917285;2858207233;2.311024531949102
2858207233;339803886;2.311024531949102
339803886;250410108;2.311024531949102
250410108;339803881;2.311024531949102
339803881;296917290;2.311024531949102
296917290;339803868;2.311024531949102
339803868;339803865;2.5678050354990027
339803865;6845553038;2.5678050354990027
6845553038;339803921;2.5678050354990027
339803921;339803919;2.5678050354990027
339803919;7004243959;1.449459000000001
7004243959;6417025394;1.449459000000001
6417025394;6417025393;1.449459000000001
6417025393;6841840739;1.449459000000001
6841840739;6005408581;1.449459000000001
6005408581;6372334162;1.449459000000001
6372334162;6005408578;1.449459000000001
6005408578;6005408577;1.449459000000001
6005408577;6372334163;1.449459000000001
6372334163;6993051307;1.449459000000001
6993051307;6993051306;1.594404900000001
6993051306;6396864145;1.449459000000001
6396864145;6396864147;1.449459000000001
6396864147;4510491004;1.3045131000000005
4510491004;6388874786;1.3045131000000005
6388874786;8173375567;1.3045131000000005
8173375567;6387893135;1.1859210000000004
6387893135;6387893134;1.2100000000000002
6387893134;7004247589;1.2100000000000002
7004247589;7004247590;1.0890000000000002
7004247590;7004247591;0.9801000000000002
7004247591;7004247600;0.9900000000000001
7004247600;7004247599;1.1
7004247599;286819672;1.1
286819672;286819670;1.1
286819670;2381234558;1.1
2381234558;8380269973;1.1
8380269973;286819669;1.1
286819669;2428993916;1.1
2428993916;286819667;1.1
286819667;2428993915;1.1
2428993915;8542428957;1.1
8542428957;286823997;1.1
286823997;286824000;1.1
286824000;459169363;1.1
459169363;418894095;1.1
418894095;418894152;1.1
340008836;6949409659;0.47581945718150703
6949409659;339675099;7.2505482201190965
339675099;340106430;0.31381059609000017
340106430;340106427;0.31381059609000017
340106427;296917291;0.31381059609000017
296917291;296917292;0.31381059609000017
339675103;339675101;0.5904900000000002
339675101;5684841330;0.43046721000000016
5684841330;5684841332;0.81
5684841332;878698428;0.81
878698428;340280221;0.9
340280221;2783511452;0.9
2783511452;296917278;0.9
286826216;286826241;0.9
286826241;286826236;0.9
286826236;3381698483;0.9
3381698483;2630503812;0.9
2630503812;2630503821;0.9
2630503821;418894125;0.9
418894125;962261004;0.9
962261004;7231395795;0.9
7231395795;6388960923;0.9
6388960923;7231395801;0.9
7231395801;7508314843;0.9
7508314843;418894137;0.9
418894137;2439021015;0.9
2439021015;2439021037;0.9
2439021037;6367625088;0.9
6367625088;418894145;0.9
418894145;8171555946;0.9
8171555946;418894152;0.9
418894152;418894095;1.1
418894095;459169363;1.1
459169363;286824000;1.1
286824000;286823997;1.1
286823997;8542428957;1.1
8542428957;2428993915;1.1
2428993915;286819667;1.1
286819667;2428993916;1.1
2428993916;286819669;1.1
286819669;8380269973;1.1
8380269973;2381234558;1.1
2381234558;286819670;1.1
286819670;286819672;1.1
286819672;7004247599;1.1
7004247599;7004247600;1.1
7004247600;7004247591;1.1
7004247591;7004247590;0.9900000000000001
7004247590;7004247589;1.1
7004247589;6387893134;1.1
6387893134;6387893135;1.1
6387893135;252259488;0.8910000000000001
252259488;7294338847;1.449459000000001
7294338847;6388874793;1.449459000000001
6388874793;6985204060;1.449459000000001
6985204060;6396864145;1.3176900000000005
6396864145;6993051306;1.3176900000000005
6993051306;6993051307;1.5944049000000011
6993051307;6372334163;1.4494590000000007
6372334163;6005408577;1.4494590000000007
6005408577;6005408578;1.4494590000000007
6005408578;6372334162;1.4494590000000007
6372334162;6005408581;1.4494590000000007
6005408581;6841840739;1.4494590000000007
6841840739;6417025393;1.4494590000000007
6417025393;6417025394;1.4494590000000007
6417025394;7004243959;1.4494590000000007
7004243959;339803919;1.4494590000000007
339803919;339803921;2.5678050354990027
339803921;6845553038;2.5678050354990027
6845553038;339803865;2.5678050354990027
339803865;339803868;2.5678050354990027
339803868;296917290;2.3110245319491027
296917290;339803881;2.3110245319491027
339803881;250410108;2.3110245319491027
250410108;339803886;2.491538658139648
339803886;2858207233;2.491538658139648
2858207233;296917285;2.491538658139648
296917285;2309510847;2.7683762868218307
2309510847;2858207229;2.7683762868218307
2858207229;339675114;2.7683762868218307
339675114;339675095;2.4915386581396475
339675095;6949409658;2.8959681334613383
6949409658;340008844;3.1537092973393963
340008844;340008836;2.867008452126725
418894152;8171555946;0.9
8171555946;418894145;0.9
418894145;6367625088;0.9
6367625088;2439021037;0.9
2439021037;2439021015;0.9
2439021015;418894137;0.9
418894137;7508314843;0.9
7508314843;7231395801;0.9
7231395801;6388960923;0.9
6388960923;7231395795;0.9
7231395795;962261004;0.9
962261004;418894125;0.9
418894125;2630503821;0.9
2630503821;2630503812;0.9
2630503812;3381698483;0.9
3381698483;286826236;0.9
286826236;286826241;0.9
286826241;286826216;0.9
296917278;2783511452;0.9
2783511452;340280221;0.9
340280221;878698428;0.9
878698428;5684841332;0.9
5684841332;5684841330;0.9
5684841330;339675101;0.47829690000000014
339675101;339675103;0.6561000000000001
296917292;296917291;0.31381059609000017
296917291;340106427;0.31381059609000017
340106427;340106430;0.31381059609000017
340106430;339675099;0.31381059609000017
339675099;6949409659;9.318479366692825
6949409659;340008836;0.48062571432475476
7656188770;6989825987;1.3310000000000004
6989825987;5026558462;1.3310000000000004
5026558462;5026558458;1.3310000000000004
5026558458;3019944249;1.3310000000000004
3019944249;3148148181;1.1979000000000004
3148148181;343385613;1.1979000000000004
343385613;343453484;1.1979000000000004
343453484;6196088415;1.1979000000000004
6196088415;343385570;1.1979000000000004
343385570;343385471;1.1979000000000004
343385471;343385488;1.3176900000000005
283016976;343390519;0.5729518565100004
343390519;794512555;0.5729518565100004
794512555;283016974;0.5729518565100004
283016974;283016973;0.5729518565100004
283016973;283016971;0.5729518565100004
283016971;2639423938;0.5729518565100004
2639423938;283016967;0.5729518565100004
283016967;280827036;0.5729518565100004
280827036;339777390;0.5729518565100004
339777390;286680657;0.5729518565100004
286680657;285873731;0.5729518565100004
285873731;285873741;1.4494590000000007
285873741;5998440611;1.771561000000001
5998440611;353108398;1.771561000000001
353108398;307639921;1.771561000000001
307639921;307639922;122.80128634165207
307639922;307639921;122.80128634165199
307639921;339465296;12.278867076697464
339465296;339465300;1.1332902933272813
339465300;353108417;1.0097616513546086
353108417;252152613;5.394782209364206
252152613;339675079;2.895968133461337
339675079;6288610487;2.895968133461337
6288610487;465205776;2.895968133461337
465205776;6949409659;2.895968133461337
339675099;339675095;3.106000234391277
6985204060;6388874793;1.0566556110000005
6388874793;7294338847;1.0566556110000005
7294338847;252259488;1.1740617900000005
252259488;2374539821;1.1859210000000004
2374539821;252259482;1.1859210000000004
252259482;2270254578;1.1859210000000004
2270254578;6387866874;1.1979000000000004
6387866874;5108274161;1.1979000000000004
5108274161;286807978;1.1979000000000004
286807978;286819675;1.1979000000000004
286819675;286807993;1.1979000000000004
286807993;6387866866;1.1979000000000004
6387866866;7004247615;1.1979000000000004
7004247615;5636799994;1.1979000000000004
5636799994;6822067487;1.3176900000000005
6822067487;459149785;1.1979000000000004
459149785;6841770964;1.1979000000000004
6841770964;6841770951;1.1979000000000004
6841770951;6841770965;1.1979000000000004
6841770965;459149781;1.1979000000000004
459149781;8017637112;1.1979000000000004
8017637112;2437967437;1.1979000000000004
2437967437;349013167;1.1979000000000004
349013167;6388921092;1.1979000000000004
6388921092;6845553015;1.1979000000000004
6845553015;6845553016;1.1979000000000004
6845553016;5089981669;1.1979000000000004
5089981669;5089981638;1.1979000000000004
5089981638;5089981642;1.1979000000000004
5089981642;5089981661;1.1979000000000004
5089981661;459149811;1.1979000000000004
459149811;541783951;1.449459000000001
541783951;2237548091;1.449459000000001
2237548091;2306156426;1.449459000000001
2306156426;2306156427;1.1979000000000004
2306156427;2246604197;1.1979000000000004
2246604197;2246604198;1.1979000000000004
2246604198;6387479611;1.1979000000000004
6387479611;6387479607;1.1979000000000004
6387479607;6387479606;1.1979000000000004
6387479606;6387479605;1.1979000000000004
6387479605;6387463388;1.1979000000000004
6387463388;6387479602;1.1979000000000004
6387479602;2214331169;1.1979000000000004
2214331169;6387479610;1.1979000000000004
7656188770;343426999;0.7290000000000001
343426999;285878678;0.7290000000000001
285878678;2851156460;0.7290000000000001
2851156460;343380620;0.7290000000000001
343380620;343390533;0.7290000000000001
343390533;343453482;0.7290000000000001
343453482;343387556;0.7290000000000001
343387556;8639953241;0.7290000000000001
8639953241;343387551;0.7290000000000001
343387551;6196088414;0.7290000000000001
6196088414;343385488;0.7290000000000001
283016976;343385567;1.5784608510000009
343385567;283017182;1.4206147659000012
283017182;283017179;1.4206147659000012
283017179;283017178;1.4206147659000012
283017178;283017174;1.4206147659000012
283017174;337986412;1.4206147659000012
337986412;283017172;1.4206147659000012
283017172;285873695;1.4206147659000012
285873695;8399267247;0.5904900000000002
8399267247;340291426;0.5904900000000002
340291426;340291427;0.5904900000000002
340291427;340291439;0.5904900000000002
340291439;340291448;0.5904900000000002
340291448;340291451;0.5904900000000002
340291451;8121091540;0.8645364090000004
8121091540;286678902;0.8645364090000004
286678902;286680581;0.7290000000000001
286680581;8119130078;0.7290000000000001
8119130078;345532658;0.7290000000000001
345532658;286680598;0.7290000000000001
286680598;2309661269;0.7290000000000001
2309661269;286830447;0.7290000000000001
286830447;339665916;0.7290000000000001
339665916;2527889961;0.7290000000000001
2527889961;339665901;0.7290000000000001
339665901;340271699;0.5314410000000002
340271699;5684841331;0.5314410000000002
5684841331;5684841330;0.5314410000000002
339675101;339803903;0.7290000000000001
340280196;340280195;0.81
340280195;340280194;0.81
340280194;339499421;0.81
339499421;6268656465;0.81
6268656465;6268656454;0.81
6268656454;6268656456;0.81
6268656456;8952402719;0.81
8952402719;6268656462;0.81
6268656462;6268656458;0.81
6268656458;8384936167;0.81
8384936167;418845536;0.81
418845536;8687651537;0.81
8687651537;7992263926;0.81
7992263926;418845566;0.81
418845566;7992263928;0.81
7992263928;418845572;0.81
418845572;8945197329;0.81
8945197329;418845569;0.81
418845569;956500349;0.81
956500349;956500347;0.81
956500347;6372334164;0.81
6372334164;2562891279;0.81
2562891279;418863924;0.9
418863924;6993051306;0.9
6985204060;6005408573;0.9
6005408573;6388874795;0.81
6388874795;7294338848;0.81
7294338848;7004247603;0.81
7004247603;6005408571;0.81
6005408571;6013354388;0.81
6013354388;6005408570;0.81
6005408570;5999916038;0.81
5999916038;6387866868;0.81
6387866868;7004247616;0.81
7004247616;5999916027;0.81
5999916027;6841770962;0.9
6841770962;6841770958;0.9
6841770958;6388922487;0.9
6388922487;6841770949;0.9
6841770949;5999916033;0.9
5999916033;6388921095;0.9
6388921095;5999916034;0.9
5999916034;6845553029;0.9
6845553029;6387482005;0.9
6387482005;6387479598;0.81
6387479598;1874136243;0.81
1874136243;1874136242;0.81
1874136242;6387479604;0.7290000000000001
6387479604;6387479610;0.81
6387479610;2214331169;1.1979000000000004
2214331169;6387479602;1.1979000000000004
6387479602;6387463388;1.1979000000000004
6387463388;6387479605;1.1979000000000004
6387479605;6387479606;1.1979000000000004
6387479606;6387479607;1.1979000000000004
6387479607;6387479611;1.1979000000000004
6387479611;2246604198;1.1979000000000004
2246604198;2246604197;1.1979000000000004
2246604197;2306156427;1.1979000000000004
2306156427;2306156426;1.1979000000000004
2306156426;2237548091;1.449459000000001
2237548091;541783951;1.449459000000001
541783951;459149811;1.449459000000001
459149811;5089981661;1.1979000000000004
5089981661;5089981642;1.1979000000000004
5089981642;5089981638;1.1979000000000004
5089981638;5089981669;1.1979000000000004
5089981669;6845553016;1.1979000000000004
6845553016;6845553015;1.1979000000000004
6845553015;6388921092;1.1979000000000004
6388921092;349013167;1.1979000000000004
349013167;2437967437;1.1979000000000004
2437967437;8017637112;1.1979000000000004
8017637112;459149781;1.1979000000000004
459149781;6841770965;1.1979000000000004
6841770965;6841770951;1.1979000000000004
6841770951;6841770964;1.1979000000000004
6841770964;459149785;1.1979000000000004
459149785;6822067487;1.1979000000000004
6822067487;5636799994;1.1979000000000004
5636799994;7004247615;1.0890000000000002
7004247615;6387866866;1.0890000000000002
6387866866;286807993;1.0890000000000002
286807993;286819675;1.0890000000000002
286819675;286807978;1.0890000000000002
286807978;5108274161;1.0890000000000002
5108274161;6387866874;1.0890000000000002
6387866874;2270254578;1.0890000000000002
2270254578;252259482;1.1979000000000004
252259482;2374539821;1.1979000000000004
2374539821;252259488;1.1979000000000004
339675095;339675099;3.991863541684411
6949409659;465205776;2.8959681334613365
465205776;6288610487;2.8959681334613365
6288610487;339675079;2.8959681334613365
339675079;252152613;2.8959681334613365
252152613;353108417;5.340834387270565
353108417;339465300;0.9699730133422477
339465300;339465296;1.0996304383251685
339465296;307639921;12.528177815220356
307639921;353108398;1.771561000000001
353108398;5998440611;1.771561000000001
5998440611;285873741;1.771561000000001
285873741;285873731;1.4494590000000007
285873731;286680657;0.5787392490000002
286680657;339777390;0.5787392490000002
339777390;280827036;0.5787392490000002
280827036;283016967;0.5787392490000002
283016967;2639423938;0.5787392490000002
2639423938;283016971;0.5787392490000002
283016971;283016973;0.5787392490000002
283016973;283016974;0.5787392490000002
283016974;794512555;0.5787392490000002
794512555;343390519;0.5787392490000002
343390519;283016976;0.5787392490000002
343385488;343385471;1.3176900000000005
343385471;343385570;1.1979000000000004
343385570;6196088415;1.1979000000000004
6196088415;343453484;1.1979000000000004
343453484;343385613;1.1979000000000004
343385613;3148148181;1.1979000000000004
3148148181;3019944249;1.1979000000000004
3019944249;5026558458;1.3310000000000004
5026558458;5026558462;1.3310000000000004
5026558462;6989825987;1.3310000000000004
6989825987;7656188770;1.3310000000000004
6387479610;6387479604;0.81
6387479604;1874136242;0.7290000000000001
1874136242;1874136243;0.81
1874136243;6387479598;0.81
6387479598;6387482005;0.81
6387482005;6845553029;0.9
6845553029;5999916034;0.9
5999916034;6388921095;0.9
6388921095;5999916033;0.9
5999916033;6841770949;0.9
6841770949;6388922487;0.9
6388922487;6841770958;0.9
6841770958;6841770962;0.9
6841770962;5999916027;0.9
5999916027;7004247616;0.81
7004247616;6387866868;0.81
6387866868;5999916038;0.81
5999916038;6005408570;0.81
6005408570;6013354388;0.81
6013354388;6005408571;0.81
6005408571;7004247603;0.81
7004247603;7294338848;0.81
7294338848;6388874795;0.81
6388874795;6005408573;0.81
6005408573;6985204060;0.9
6993051306;418863924;0.81
418863924;2562891279;0.81
2562891279;6372334164;0.81
6372334164;956500347;0.81
956500347;956500349;0.81
956500349;418845569;0.81
418845569;8945197329;0.81
8945197329;418845572;0.81
418845572;7992263928;0.81
7992263928;418845566;0.81
418845566;7992263926;0.81
7992263926;8687651537;0.81
8687651537;418845536;0.81
418845536;8384936167;0.81
8384936167;6268656458;0.81
6268656458;6268656462;0.81
6268656462;8952402719;0.81
8952402719;6268656456;0.81
6268656456;6268656454;0.81
6268656454;6268656465;0.81
6268656465;339499421;0.81
339499421;340280194;0.81
340280194;340280195;0.81
340280195;340280196;0.81
339803903;339675101;0.7290000000000001
5684841330;5684841331;0.5314410000000002
5684841331;340271699;0.5314410000000002
340271699;339665901;0.5314410000000002
339665901;2527889961;0.7290000000000001
2527889961;339665916;0.7290000000000001
339665916;286830447;0.7290000000000001
286830447;2309661269;0.7290000000000001
2309661269;286680598;0.7290000000000001
286680598;345532658;0.7290000000000001
345532658;8119130078;0.7290000000000001
8119130078;286680581;0.7290000000000001
286680581;286678902;0.7290000000000001
286678902;8121091540;0.8645364090000005
8121091540;340291451;0.8645364090000005
340291451;340291448;0.5904900000000002
340291448;340291439;0.5904900000000002
340291439;340291427;0.5904900000000002
340291427;340291426;0.5904900000000002
340291426;8399267247;0.5904900000000002
8399267247;285873695;0.5904900000000002
285873695;283017172;1.4349644100000007
283017172;337986412;1.4349644100000007
337986412;283017174;1.4349644100000007
283017174;283017178;1.4349644100000007
283017178;283017179;1.4349644100000007
283017179;283017182;1.4349644100000007
283017182;343385567;1.4349644100000007
343385567;283016976;1.594404900000001
343385488;6196088414;0.7290000000000001
6196088414;343387551;0.7290000000000001
343387551;8639953241;0.7290000000000001
8639953241;343387556;0.7290000000000001
343387556;343453482;0.7290000000000001
343453482;343390533;0.7290000000000001
343390533;343380620;0.7290000000000001
343380620;2851156460;0.7290000000000001
2851156460;285878678;0.7290000000000001
285878678;343426999;0.7290000000000001
343426999;7656188770;0.7290000000000001
286678874;286678873;2.287914286629612
286678873;343522520;2.824585539048903
343522520;286830449;1.8532105721699854
286830449;345532657;1.8532105721699854
345532657;286830447;1.8532105721699854
286830447;5891286604;1.8532105721699854
5891286604;5891286600;1.8532105721699854
5891286600;6126276486;1.8532105721699854
6126276486;307639927;1.8532105721699854
307639927;307639926;1.6847368837908958
307639926;307639922;1.6847368837908958
307639921;353108419;2.7264965109517183
353108419;353108417;4.155611204011152
340008836;5951120392;1.6183515284693686
5951120392;340008843;1.6183515284693686
340008843;5951120413;3.383571017226682
5951120413;340008841;3.383571017226682
340008841;340106424;3.383571017226682
340106424;340008820;3.383571017226682
340008820;286988451;3.383571017226682
286988451;7068073903;4.177248169415656
7068073903;339376875;4.177248169415656
339376875;286986547;4.177248169415656
286986547;340008804;2.853116706110003
286678874;339665925;0.34867844010000015
339665925;339665922;0.34867844010000015
339665922;339665919;0.34867844010000015
339665919;339665916;0.34867844010000015
339665916;2527889954;0.34867844010000015
2527889954;2527889955;0.34867844010000015
8164290874;2527889959;0.0984770902183612
339675095;250409377;0.2058911320946491
250409377;250408828;0.2058911320946491
250408828;340008807;0.2058911320946491
340008807;340008810;0.34867844010000015
340008810;340008806;0.6115280747617765
340008806;340008805;0.31381059609000017
340008805;340008804;0.31381059609000017
340008804;286986547;2.853116706110003
286986547;339376875;4.177248169415656
339376875;7068073903;4.177248169415656
7068073903;286988451;4.177248169415656
286988451;340008820;3.045213915504014
340008820;340106424;3.045213915504014
340106424;340008841;3.045213915504014
340008841;5951120413;3.045213915504014
5951120413;340008843;3.045213915504014
340008843;5951120392;1.4565163756224317
5951120392;340008836;1.4565163756224317
353108417;353108419;4.032185395640819
353108419;307639921;2.645516838079941
307639922;307639926;1.6847368837908958
307639926;307639927;1.6847368837908958
307639927;6126276486;1.6847368837908958
6126276486;5891286600;1.6847368837908958
5891286600;5891286604;1.6847368837908958
5891286604;286830447;1.6847368837908958
286830447;345532657;1.6847368837908958
345532657;286830449;1.6847368837908958
286830449;343522520;1.6847368837908958
343522520;286678873;2.5678050354990027
286678873;286678874;2.0799220787541923
340008804;340008805;0.31381059609000017
340008805;340008806;0.31381059609000017
340008806;340008810;0.5993586660740174
340008810;340008807;0.34867844010000015
340008807;250408828;0.1853020188851842
250408828;250409377;0.1853020188851842
250409377;339675095;0.1853020188851842
2527889959;8164290874;0.08862938119652508
2527889955;2527889954;0.34867844010000015
2527889954;339665916;0.34867844010000015
339665916;339665919;0.34867844010000015
339665919;339665922;0.34867844010000015
339665922;339665925;0.34867844010000015
339665925;286678874;0.34867844010000015
26868551;356025132;1.6105100000000008
356025132;322107487;1.771561000000001
322107487;7376179377;1.771561000000001
7376179377;322851886;1.771561000000001
322851886;356025086;1.771561000000001
356025086;322851884;1.771561000000001
322851884;322107594;1.771561000000001
322107594;322850824;1.6346985136054228
322850824;8361065312;1.6346985136054228
8361065312;329515983;1.6346985136054228
329515983;326073834;1.6346985136054228
326073834;2894949852;1.6346985136054228
2894949852;26868572;1.6346985136054228
26868572;322107558;1.3509905071119195
322107558;339245534;1.3509905071119195
339245534;252260174;1.3509905071119195
252260174;2716538588;1.4860895578231115
2716538588;339803831;0.8058044288328459
339803831;7376456781;0.8058044288328459
7376456781;6324995120;0.8058044288328459
6324995120;6919988618;0.7179717460900655
6919988618;339803835;0.7179717460900655
339803835;339803838;0.7179717460900655
339803838;7392777067;0.6659540734155748
26868551;394055540;0.5904900000000002
394055540;365706799;0.5904900000000002
365706799;7515105933;0.5904900000000002
7515105933;26868554;0.5904900000000002
26868554;26868555;0.5904900000000002
26868555;26868556;0.5904900000000002
26868556;665739846;0.5904900000000002
665739846;322850817;0.5904900000000002
322850817;26868557;0.5394227994666158
26868557;26868558;0.6659540734155749
26868558;26868559;0.6659540734155749
26868559;322107554;0.6659540734155749
322107554;322107578;0.6659540734155749
322107578;322107577;0.5394227994666158
322107577;2310040344;0.6659540734155749
2310040344;339308955;0.6659540734155749
339308955;339308957;0.81
339308957;339501189;0.81
339501189;250408818;0.81
250408818;6324995117;0.81
6324995117;250409665;1.2977560906795866
250409665;250409666;1.2977560906795866
250409666;7392777067;1.2977560906795866
6949409659;6949409658;1.0460890548900006
340008844;8753991163;1.0460890548900006
8753991163;250409374;1.0460890548900006
250409374;340008816;1.7538453900000013
340008816;340008810;1.7538453900000013
340008806;340008803;1.9487171000000014
340008803;340008801;1.9487171000000014
340008801;250410142;1.9487171000000014
6324995117;6324995118;1.780186681316306
6324995118;418075440;1.780186681316306
418075440;418075439;1.780186681316306
418075439;5906632967;1.9582053494479366
5906632967;418075436;1.030263903024802
418075436;418075434;1.030263903024802
418075434;418075432;1.030263903024802
418075432;418075454;1.6760104226873473
418075454;418075453;1.6760104226873473
418075453;418075451;1.6760104226873473
418075451;6762672538;1.6760104226873473
6762672538;418075449;1.6760104226873473
418075449;2716538588;1.385132580733344
2716538588;252260174;1.0406706091159612
252260174;339245534;0.936603548204365
339245534;322107558;0.936603548204365
322107558;26868572;1.684736883790896
26868572;2894949852;1.8719298708787733
2894949852;326073834;1.8719298708787733
326073834;329515983;1.8719298708787733
329515983;8361065312;1.8719298708787733
8361065312;322850824;1.8719298708787733
322850824;322107594;1.8719298708787733
340008807;250410150;0.5904900000000002
250410150;3126225742;0.5904900000000002
3126225742;250410142;0.5904900000000002
6324995117;250408818;0.8221655227352775
250408818;339501189;1.4419512118662086
339501189;339308957;1.4419512118662086
339308957;339308955;1.4419512118662086
339308955;2310040344;0.8514577710948772
2310040344;322107577;0.8514577710948772
322107577;322107578;0.766311993985389
322107578;322107554;0.8514577710948772
322107554;26868559;0.5672223379449003
26868559;26868558;0.5672223379449003
26868558;26868557;0.5672223379449003
26868557;322850817;0.5105001041504102
322850817;339260482;0.5672223379449003
339260482;2894949860;0.5672223379449003
2894949860;329515966;0.5672223379449003
329515966;322107594;0.5672223379449003
339465315;1436423910;1.3176900000000007
1436423910;2635148675;1.3176900000000007
2635148675;2990664960;1.3176900000000007
2990664960;286777483;1.3176900000000007
286777483;286777485;1.3176900000000007
286777485;360814125;1.3176900000000007
339465315;286678874;1.1859210000000004
286678874;286678875;0.7290000000000001
286678875;286678876;0.7290000000000001
286678876;286678877;0.7290000000000001
286678877;286678882;0.7290000000000001
286678882;2386321386;0.7290000000000001
360814125;286777485;1.449459000000001
286777485;286777483;1.449459000000001
286777483;2990664960;1.449459000000001
2990664960;2635148675;1.449459000000001
2635148675;1436423910;1.449459000000001
1436423910;339465315;1.449459000000001
2386321386;286678882;0.7290000000000001
286678882;286678877;0.7290000000000001
286678877;286678876;0.7290000000000001
286678876;286678875;0.7290000000000001
286678875;286678874;0.7290000000000001
286678874;339465315;1.0781100000000003
2469885292;6487397996;0.81
6487397996;8164359294;0.81
8164359294;2443807664;0.81
2443807664;7371901926;0.81
7371901926;6482964270;0.81
6482964270;2443807658;0.81
2443807658;7371901929;0.81
7371901929;6241399635;0.81
6241399635;459169403;0.81
2469885298;2469885302;0.8910000000000001
2469885302;8124331622;0.8910000000000001
8124331622;8124331620;0.8910000000000001
8124331620;8124331621;0.8910000000000001
8124331621;8124331617;0.8910000000000001
8124331617;6364521147;0.8910000000000001
6364521147;2469885295;0.8910000000000001
2469885295;6364521147;0.8910000000000001
6364521147;8124331617;0.8910000000000001
8124331617;8124331621;0.8910000000000001
8124331621;8124331620;0.8910000000000001
8124331620;8124331622;0.8910000000000001
8124331622;2469885302;0.8910000000000001
2469885302;2469885298;0.8910000000000001
459169403;6241399635;0.81
6241399635;7371901929;0.81
7371901929;2443807658;0.81
2443807658;6482964270;0.81
6482964270;7371901926;0.81
7371901926;2443807664;0.81
2443807664;8164359294;0.81
8164359294;6487397996;0.81
6487397996;2469885292;0.81
385088877;7096691720;0.9
7096691720;459169405;0.9
459169405;341467929;0.9
341467929;459169409;0.9
459169409;305383483;0.9
305383483;6499889178;0.9
6499889178;6762262860;0.9
6762262860;459832052;0.9
459832052;459825592;0.9
459825592;5812377935;0.9
5812377935;6984956234;0.9
6984956234;6984956235;0.9
6984956235;6984956236;0.9
6984956236;6984956238;0.9
6984956238;6984956239;0.9
6984956239;341467922;0.9
341467922;2915955796;0.9
2915955796;459807839;0.9
459807839;418000101;0.9
418000101;459642312;0.9
459642312;8540559685;0.9
8540559685;459642325;0.9
459642325;7417206196;0.9
7417206196;459812727;0.9
459812727;459642301;0.9
459642301;459807881;0.9
459807881;459807828;0.9
459807828;459807876;0.9
459807876;459807818;0.9
459807818;8024490313;0.9
8024490313;459807813;0.9
459807813;8786230516;0.9
8786230516;459807816;0.9
459807816;459642310;0.9
459642310;2628327451;0.9
2628327451;287097971;0.9
287097971;287097978;0.9
287097978;287097934;0.9
287097934;287097939;0.9
287097939;2628327450;0.9
2628327450;459619601;0.9
459619601;459619606;0.9
459619606;459619617;0.9
459619617;459619622;0.9
459619622;1842641128;0.9
1842641128;459619622;0.9
459619622;459619617;0.9
459619617;459619606;0.9
459619606;459619601;0.9
459619601;2628327450;0.9
2628327450;287097939;0.9
287097939;287097934;0.9
287097934;287097978;0.9
287097978;287097971;0.9
287097971;2628327451;0.9
2628327451;459642310;0.9
459642310;459807816;0.9
459807816;8786230516;0.9
8786230516;459807813;0.9
459807813;8024490313;0.9
8024490313;459807818;0.9
459807818;459807876;0.9
459807876;459807828;0.9
459807828;459807881;0.9
459807881;459642301;0.9
459642301;459812727;0.9
459812727;7417206196;0.9
7417206196;459642325;0.9
459642325;8540559685;0.9
8540559685;459642312;0.9
459642312;418000101;0.9
418000101;459807839;0.9
459807839;2915955796;0.9
2915955796;341467922;0.9
341467922;6984956239;0.9
6984956239;6984956238;0.9
6984956238;6984956236;0.9
6984956236;6984956235;0.9
6984956235;6984956234;0.9
6984956234;5812377935;0.9
5812377935;459825592;0.9
459825592;459832052;0.9
459832052;6762262860;0.9
6762262860;6499889178;0.9
6499889178;305383483;0.9
305383483;459169409;0.9
459169409;341467929;0.9
341467929;459169405;0.9
459169405;7096691720;0.9
7096691720;385088877;0.9
6396864145;6985204060;0.9605960100000005
252259488;6387893135;0.7290000000000001
307639922;6152162709;0.5904900000000002
6152162709;296917958;0.5904900000000002
296917958;6515105577;0.5904900000000002
6515105577;296917292;0.5904900000000002
339675110;339675105;0.5904900000000002
339675105;296917279;0.5904900000000002
296917279;339803908;0.5904900000000002
339803908;339803902;0.5904900000000002
339803902;340280197;0.5314410000000002
340280197;2626856269;0.5314410000000002
2626856269;339803919;0.5314410000000002
6993051307;6005408574;0.9
6005408574;6005408573;0.9
5999916027;6841770961;0.9
6841770961;6841770957;0.9
6841770957;6388922486;0.9
6388922486;6841770945;0.9
6841770945;5999916021;0.9
5999916021;6388921094;0.9
6388921094;5999916020;0.9
5999916020;6845553030;0.9
6845553030;6387482005;0.9
6387482005;6845553030;0.9
6845553030;5999916020;0.9
5999916020;6388921094;0.9
6388921094;5999916021;0.9
5999916021;6841770945;0.9
6841770945;6388922486;0.9
6388922486;6841770957;0.9
6841770957;6841770961;0.9
6841770961;5999916027;0.9
6005408573;6005408574;0.9
6005408574;6993051307;0.9
339803919;2626856269;0.5314410000000002
2626856269;340280197;0.5314410000000002
340280197;339803902;0.5314410000000002
339803902;339803908;0.5904900000000002
339803908;296917279;0.5904900000000002
296917279;339675105;0.5904900000000002
339675105;339675110;0.5904900000000002
296917292;6515105577;0.5904900000000002
6515105577;296917958;0.5904900000000002
296917958;6152162709;0.5904900000000002
6152162709;307639922;0.5904900000000002
343385488;283016976;0.9900000000000001
343385471;343385567;0.9
286678902;286678871;1.1859210000000004
286678871;2525380702;1.1859210000000004
2525380702;343522550;1.1859210000000004
343522550;286678873;0.81
286678874;6375779100;0.81
6375779100;286678885;0.81
7044802377;2324306561;0.81
2324306561;340280215;0.81
340280215;8952393399;0.81
8952393399;8952393371;0.81
8952393371;2526454038;0.81
2526454038;286826212;0.81
286826212;418845537;0.81
418845537;2422882114;0.81
2422882114;418845544;0.81
418845544;418845533;0.81
418845533;418845553;0.81
418845553;418863922;0.81
418863922;418863936;0.81
418863936;418894038;0.9
418894038;418894014;0.9
418894014;5505544814;0.9
5505544814;418863937;0.9
418863937;252259591;0.9
252259591;5505544813;0.9
5505544813;7325539805;0.9
7325539805;8887191314;0.9
8887191314;7325539801;0.9
7325539801;252259490;0.9
252259490;2374539812;0.9
2374539812;7235355938;0.9
7235355938;7235355937;0.9
7235355937;8542451933;0.9
8542451933;418893996;0.9
418893996;7004247590;0.9
7004247591;6821726914;0.9
6821726914;2270254578;0.9
459149811;6822067504;0.81
6822067504;2306156426;0.81
283016976;343385488;0.9900000000000001
2306156426;6822067504;0.81
6822067504;459149811;0.81
2270254578;6821726914;0.81
6821726914;7004247591;0.81
7004247590;418893996;0.9
418893996;8542451933;0.9
8542451933;7235355937;0.9
7235355937;7235355938;0.9
7235355938;2374539812;0.9
2374539812;252259490;0.9
252259490;7325539801;0.9
7325539801;8887191314;0.9
8887191314;7325539805;0.9
7325539805;5505544813;0.9
5505544813;252259591;0.9
252259591;418863937;0.9
418863937;5505544814;0.9
5505544814;418894014;0.9
418894014;418894038;0.9
418894038;418863936;0.9
418863936;418863922;0.81
418863922;418845553;0.81
418845553;418845533;0.81
418845533;418845544;0.81
418845544;2422882114;0.81
2422882114;418845537;0.81
418845537;286826212;0.81
286826212;2526454038;0.81
2526454038;8952393371;0.81
8952393371;8952393399;0.81
8952393399;340280215;0.81
340280215;2324306561;0.81
2324306561;7044802377;0.81
286678885;6375779100;0.81
6375779100;286678874;0.81
286678873;343522550;0.81
343522550;2525380702;1.1859210000000004
2525380702;286678871;1.1859210000000004
286678871;286678902;1.1859210000000004
343385567;343385471;0.9
26868557;26868572;0.81
418075432;6762672532;0.5904900000000002
6762672532;2310040339;0.5904900000000002
2310040339;339308955;0.7144929000000003
339665893;339665895;0.81
339665895;339665896;0.6561000000000001
339665896;340280212;0.6561000000000001
340280212;296917278;0.6561000000000001
296917278;340280212;0.6561000000000001
340280212;339665896;0.6561000000000001
339665896;339665895;0.6561000000000001
339665895;339665893;0.81
7392777067;250409666;1.651210619803457
250409666;250409665;1.651210619803457
250409665;6324995117;1.651210619803457
7392777067;339803838;0.6115280747617767
339803838;339803835;0.6115280747617767
339803835;6919988618;0.6115280747617767
6919988618;6324995120;0.6115280747617767
6324995120;7376456781;0.6863390289133295
7376456781;339803831;0.6863390289133295
339803831;2716538588;0.6863390289133295
8409411917;286824011;0.9
286824011;459161253;0.9
459161253;459161254;0.9
459161254;2926383605;0.9
2926383605;459161255;0.9
459161255;2926383605;0.9
2926383605;459161254;0.9
459161254;459161253;0.9
459161253;286824011;0.9
286824011;8409411917;0.9
250410142;7392777067;1.2100000000000002
322107594;322851884;1.2100000000000002
322851884;356025086;1.2100000000000002
356025086;322851886;1.2100000000000002
322851886;7376179377;1.2100000000000002
7376179377;322107487;1.2100000000000002
322107487;356025132;1.2100000000000002
356025132;7837933872;1.2100000000000002
7837933872;356025134;1.2100000000000002
356025134;7837933871;1.2100000000000002
7837933871;6481794571;1.2100000000000002
6481794571;356025139;1.2100000000000002
356025139;356025143;1.2100000000000002
356025143;356025149;1.2100000000000002
356025149;5936939661;1.2100000000000002
5936939661;6775404381;1.2100000000000002
339803868;2635372002;0.9
2635372002;2854035178;0.9
2854035178;2847743581;0.9
2847743581;2847743582;0.9
2847743582;2847743584;0.9
2847743584;2847743589;0.9
2847743589;339803871;0.9
339803871;339803845;0.9
339803845;7372690684;0.9
7372690684;322107543;0.9
322107543;322107542;0.9
322107542;339499487;0.9
339499487;322107541;0.9
322107541;339499479;0.9
339499479;339499483;0.9
339499483;6277103900;0.9
6277103900;1281611561;0.9
1281611561;339499453;0.9
339499453;2439021023;0.9
2439021023;339499441;0.9
339499441;339499437;0.9
339499437;2525058027;0.9
2525058027;720815950;0.9
720815950;322107585;0.9
322107585;720794531;0.9
720794531;2438145132;0.9
2438145132;2309510869;0.9
2309510869;674163133;0.9
674163133;2309510875;0.9
2309510875;286823662;0.9
286823662;252258524;0.9
252258524;286823661;0.9
286823661;252258523;0.9
252258523;2309510881;0.9
2309510881;8173375571;0.9
8173375571;287712220;0.9
287712220;674163140;0.9
674163140;7699785544;0.9
7699785544;702397751;0.9
702397751;252258522;0.9
252258522;252258521;0.9
252258521;7699785546;0.9
7699785546;356025157;0.9
356025157;356025148;0.9
356025148;5936939668;0.9
5936939668;356025168;0.9
356025168;6775404381;0.9
296917277;339665895;0.81
339665895;296917277;0.81
250408818;5906632967;0.47829690000000014
2562891279;6993051305;0.9
6993051305;6396864147;0.9
360843281;2990506693;1.771561000000001
2990506693;6384429195;1.771561000000001
6384429195;6384429197;1.771561000000001
6384429197;360814208;1.771561000000001
360814208;360814205;1.771561000000001
360814205;360814196;1.771561000000001
360814196;360814192;1.771561000000001
250409374;250409372;0.6561000000000001
250409372;8838355942;0.6561000000000001
8838355942;250409371;0.6561000000000001
250409371;286986547;0.6561000000000001
286986547;250409371;0.6561000000000001
250409371;8838355942;0.6561000000000001
8838355942;250409372;0.6561000000000001
250409372;250409374;0.6561000000000001
250409374;8753991163;1.0252718826976897
8753991163;340008844;1.0252718826976897
6949409658;6949409659;0.9
2716538588;418075449;1.6346985136054228
418075449;6762672538;1.7981683649659657
6762672538;418075451;1.7981683649659657
418075451;418075453;1.7981683649659657
418075453;418075454;1.7981683649659657
418075454;418075432;1.7981683649659657
418075432;418075434;1.6021680131846754
418075434;418075436;1.6021680131846754
418075436;5906632967;1.6021680131846754
5906632967;418075439;1.6021680131846754
418075439;418075440;1.6021680131846754
418075440;6324995118;1.6021680131846754
6324995118;6324995117;1.6021680131846754
250410142;340008801;1.9099376297100015
340008801;340008803;1.9099376297100015
340008803;340008806;1.9099376297100015
340008810;340008816;1.7189438667390011
340008816;250409374;1.7189438667390011
250410142;3126225742;0.5314410000000002
3126225742;250410150;0.5314410000000002
250410150;340008807;0.5314410000000002
2850025607;2850025635;1.1
2850025635;761642982;1.1
761642982;2850025650;1.1
2850025650;761642994;1.1
761642994;2850025662;1.1
2850025662;2850025679;1.1
2850025679;420503918;1.1
420503918;761769973;1.1
761769973;420352441;1.1
420352441;761770037;1.1
761770037;761769959;1.1
761769959;761770058;1.1
761770058;420352421;1.1
420352421;760764284;1.1
760764284;760667528;1.1
760667528;760667416;1.1
760667416;6665713795;1.1
6665713795;6665713800;1.1
6665713800;420407233;1.1
420407233;420407237;1.1
420407237;419895634;1.1
419895634;420503912;1.1
420503912;419895635;1.1
419895635;420503913;1.1
420503913;286985596;1.1
286985596;286985588;1.1
286985588;760667546;1.1
760667546;286985579;1.1
286985579;420503914;1.1
420503914;760764274;1.1
760764274;286985530;1.1
286985530;286985525;1.1
286985525;759885291;1.1
759885291;5648540729;1.1
5648540729;470540287;1.1
470540287;5089981789;1.1
5089981789;5648535320;1.1
5648535320;759885783;1.1
759885783;7874578776;1.1
7874578776;470540288;1.1
470540288;286777507;1.1
286777507;286777502;1.1
286777502;2915618371;1.1
2915618371;470540303;1.1
470540303;470540333;1.1
470540333;470540311;1.1
470540311;286777501;1.1
286777501;5993435841;1.1
5993435841;5993435820;1.1
5993435820;5993435819;1.1
5993435819;470540321;1.1
470540321;2302830879;1.1
2302830879;470540313;1.1
470540313;286777500;1.1
286777500;470540319;1.1
470540319;286777499;1.1
286777499;2635148683;1.1
2635148683;2635148685;1.1
2635148685;418951684;1.1
418951684;460003888;1.1
460003888;460003976;1.1
460003976;460003978;1.1
460003978;418951674;1.1
418951674;418951672;1.1
418951672;460003869;1.1
460003869;3040840784;1.1
3040840784;460003884;1.1
460003884;2628310036;1.1
2628310036;460003873;1.1
460003873;418951670;1.1
418951670;2627857125;1.1
2627857125;360814236;1.1
360814236;360814228;1.4641000000000006
360814228;360814220;1.1
2850025607;2850025609;0.9
2850025609;761643030;0.9
761643030;5118069537;0.9
5118069537;761642936;0.9
761642936;2850025625;0.9
2850025625;2269913055;0.9
2269913055;2269913048;0.9
2269913048;2269913043;0.9
2269913043;761642952;0.9
761642952;761642951;0.9
761642951;761642940;0.9
761642940;434566656;0.9
434566656;592638983;0.9
592638983;592638977;0.9
592638977;434566657;0.9
434566657;6665656875;0.9
6665656875;434566658;0.9
434566658;760723852;0.9
760723852;434566660;0.9
434566660;434566665;0.9
434566665;592639774;0.9
592639774;6665654725;0.9
6665654725;434566669;0.9
434566669;592441666;0.9
592441666;592463950;0.9
592463950;592441600;0.9
592441600;592441604;0.9
592441604;592441602;0.9
592441602;1134286832;0.9
1134286832;592441592;0.9
592441592;6481793008;0.9
6481793008;5998473544;0.9
5998473544;5998473545;0.9
5998473545;5998473541;0.9
5998473541;434566704;0.9
434566704;760764238;0.9
760764238;8494675242;0.9
8494675242;346320011;0.9
346320011;346320022;0.9
346320022;346317971;0.9
346317971;286775855;0.9
286775855;346317956;0.9
346317956;346317953;0.9
346317953;343377815;0.9
343377815;343377876;0.9
343377876;343377890;0.9
343377890;343377892;0.9
343377892;8459363756;0.9
8459363756;343377908;0.9
343377908;8455137777;0.9
8455137777;2917194887;0.9
2917194887;343377944;0.9
343377944;343377963;0.9
343377963;343377968;0.9
343377968;343377970;0.9
343377970;343377984;0.9
343377984;2851156456;1.1979000000000004
2851156456;3019944249;1.1979000000000004
285873741;286680615;4.177248169415656
286680615;285873741;4.177248169415656
360814220;360814228;1.1
360814228;360814236;1.6105100000000008
360814236;2627857125;1.1
2627857125;418951670;1.1
418951670;460003873;1.1
460003873;2628310036;1.1
2628310036;460003884;1.1
460003884;3040840784;1.1
3040840784;460003869;1.1
460003869;418951672;1.1
418951672;418951674;1.1
418951674;460003978;1.1
460003978;460003976;1.1
460003976;460003888;1.1
460003888;418951684;1.1
418951684;2635148685;1.1
2635148685;2635148683;1.1
2635148683;286777499;1.1
286777499;470540319;1.1
470540319;286777500;1.1
286777500;470540313;1.1
470540313;2302830879;1.1
2302830879;470540321;1.1
470540321;5993435819;1.1
5993435819;5993435820;1.1
5993435820;5993435841;1.1
5993435841;286777501;1.1
286777501;470540311;1.1
470540311;470540333;1.1
470540333;470540303;1.1
470540303;2915618371;1.1
2915618371;286777502;1.1
286777502;286777507;1.1
286777507;470540288;1.1
470540288;7874578776;1.1
7874578776;759885783;1.1
759885783;5648535320;1.1
5648535320;5089981789;1.1
5089981789;470540287;1.1
470540287;5648540729;1.1
5648540729;759885291;1.1
759885291;286985525;1.1
286985525;286985530;1.1
286985530;760764274;1.1
760764274;420503914;1.1
420503914;286985579;1.1
286985579;760667546;1.1
760667546;286985588;1.1
286985588;286985596;1.1
286985596;420503913;1.1
420503913;419895635;1.1
419895635;420503912;1.1
420503912;419895634;1.1
419895634;420407237;1.1
420407237;420407233;1.1
420407233;6665713800;1.1
6665713800;6665713795;1.1
6665713795;760667416;1.1
760667416;760667528;1.1
760667528;760764284;1.1
760764284;420352421;1.1
420352421;761770058;1.1
761770058;761769959;1.1
761769959;761770037;1.1
761770037;420352441;1.1
420352441;761769973;1.1
761769973;420503918;1.1
420503918;2850025679;1.1
2850025679;2850025662;1.1
2850025662;761642994;1.1
761642994;2850025650;1.1
2850025650;761642982;1.1
761642982;2850025635;1.1
2850025635;2850025607;1.1
3019944249;2851156456;1.3176900000000005
2851156456;343377984;1.3176900000000005
343377984;343377970;0.9
343377970;343377968;0.9
343377968;343377963;0.9
343377963;343377944;0.9
343377944;2917194887;0.9
2917194887;8455137777;0.9
8455137777;343377908;0.9
343377908;8459363756;0.9
8459363756;343377892;0.9
343377892;343377890;0.9
343377890;343377876;0.9
343377876;343377815;0.9
343377815;346317953;0.9
346317953;346317956;0.9
346317956;286775855;0.9
286775855;346317971;0.9
346317971;346320022;0.9
346320022;346320011;0.9
346320011;8494675242;0.9
8494675242;760764238;0.9
760764238;434566704;0.9
434566704;5998473541;0.9
5998473541;5998473545;0.9
5998473545;5998473544;0.9
5998473544;6481793008;0.9
6481793008;592441592;0.9
592441592;1134286832;0.9
1134286832;592441602;0.9
592441602;592441604;0.9
592441604;592441600;0.9
592441600;592463950;0.9
592463950;592441666;0.9
592441666;434566669;0.9
434566669;6665654725;0.9
6665654725;592639774;0.9
592639774;434566665;0.9
434566665;434566660;0.9
434566660;760723852;0.9
760723852;434566658;0.9
434566658;6665656875;0.9
6665656875;434566657;0.9
434566657;592638977;0.9
592638977;592638983;0.9
592638983;434566656;0.9
434566656;761642940;0.9
761642940;761642951;0.9
761642951;761642952;0.9
761642952;2269913043;0.9
2269913043;2269913048;0.9
2269913048;2269913055;0.9
2269913055;2850025625;0.9
2850025625;761642936;0.9
761642936;5118069537;0.9
5118069537;761643030;0.9
761643030;2850025609;0.9
2850025609;2850025607;0.9
394140355;2431549309;1.3310000000000004
2431549309;26905558;1.3310000000000004
26905558;4470537483;1.3310000000000004
4470537483;7857608767;1.3310000000000004
7857608767;26905563;1.3310000000000004
26905563;7833664661;1.3310000000000004
7833664661;287396263;1.3310000000000004
287396263;7833664657;1.3310000000000004
7833664657;8944436386;1.3310000000000004
8944436386;2638025763;1.3310000000000004
2638025763;7366609919;1.3310000000000004
7366609919;2638025765;1.3310000000000004
2638025765;393296905;1.3310000000000004
393296905;329516129;1.3310000000000004
329516129;6721607457;1.3310000000000004
6721607457;329516113;1.3310000000000004
329516113;329516083;1.3310000000000004
329516083;5647276513;1.3310000000000004
5647276513;365692724;1.3310000000000004
365692724;7446745019;1.2100000000000002
7446745019;329516027;1.2100000000000002
329516027;329516020;1.2100000000000002
329516020;329516012;1.2100000000000002
329516012;482265521;1.2100000000000002
482265521;300840848;1.2100000000000002
300840848;8946809463;1.2100000000000002
8946809463;356025234;1.2100000000000002
356025234;2439238234;1.2100000000000002
2439238234;2310156268;1.2100000000000002
2310156268;356025230;1.2100000000000002
356025230;356025240;1.2100000000000002
356025240;322107570;1.2100000000000002
322107570;322107572;1.2100000000000002
322107572;322107573;1.2100000000000002
322107573;2971574963;1.2100000000000002
2971574963;322107575;1.2100000000000002
322107575;339308955;1.2100000000000002
339308955;2310040339;0.9948202825096861
2310040339;252260170;1.2100000000000002
6150139120;7004243967;1.1
7004243967;6150139119;1.1
6150139119;6845553040;1.1
6845553040;6417025393;1.1
6417025393;6150139092;1.1
6150139092;6150139096;1.1
6150139096;5856146917;1.1
5856146917;6150139097;1.1
6150139097;2326390477;1.1
394140355;26868413;0.7290000000000001
26868413;394140357;0.7290000000000001
394140357;8556786318;0.7290000000000001
8556786318;26871553;0.7290000000000001
26871553;26871557;0.7290000000000001
26871557;5838254953;0.7290000000000001
5838254953;26871559;0.7290000000000001
26871559;2637907993;0.7290000000000001
2637907993;2637907984;0.7290000000000001
2637907984;26871561;0.7290000000000001
26871561;362128741;0.9
362128741;26871563;0.9
26871563;2638025807;0.81
2638025807;393969035;0.81
393969035;362128709;0.81
362128709;362128708;0.81
362128708;393369153;0.81
393369153;365692737;0.81
365692737;365706493;0.81
365706493;26868560;0.81
26868560;26868561;0.81
26868561;2525148555;0.81
2525148555;393369146;0.81
393369146;26868562;0.81
26868562;5906632968;0.81
5906632968;26868563;0.81
26868563;26868565;0.81
26868565;26868567;0.81
26868567;26868569;0.81
26868569;26868571;0.81
26868571;356025223;0.81
356025223;2310040365;0.81
2310040365;322107564;0.81
322107564;2971574964;0.81
2971574964;322107578;0.81
322107577;252260170;0.81
6150139120;7004243966;0.9
7004243966;6150139118;0.9
6150139118;6845553039;0.9
6845553039;6417025394;0.9
6417025394;6150139093;0.9
6150139093;6150139095;0.9
6150139095;6150139116;0.9
6150139116;7037090681;0.9
7037090681;2326390477;0.9
2326390477;6150139097;1.1
6150139097;5856146917;1.1
5856146917;6150139096;1.1
6150139096;6150139092;1.1
6150139092;6417025393;1.1
6417025393;6845553040;1.1
6845553040;6150139119;1.1
6150139119;7004243967;1.1
7004243967;6150139120;1.1
252260170;2310040339;1.2100000000000002
339308955;322107575;1.2100000000000002
322107575;2971574963;1.2100000000000002
2971574963;322107573;1.2100000000000002
322107573;322107572;1.2100000000000002
322107572;322107570;1.2100000000000002
322107570;356025240;1.2100000000000002
356025240;356025230;1.2100000000000002
356025230;2310156268;1.2100000000000002
2310156268;2439238234;1.2100000000000002
2439238234;356025234;1.2100000000000002
356025234;8946809463;1.2100000000000002
8946809463;300840848;1.2100000000000002
300840848;482265521;1.2100000000000002
482265521;329516012;1.2100000000000002
329516012;329516020;1.2100000000000002
329516020;329516027;1.2100000000000002
329516027;7446745019;1.3310000000000004
7446745019;365692724;1.3310000000000004
365692724;5647276513;1.4641000000000006
5647276513;329516083;1.4641000000000006
329516083;329516113;1.4641000000000006
329516113;6721607457;1.4641000000000006
6721607457;329516129;1.4641000000000006
329516129;393296905;1.4641000000000006
393296905;2638025765;1.4641000000000006
2638025765;7366609919;1.4641000000000006
7366609919;2638025763;1.4641000000000006
2638025763;8944436386;1.4641000000000006
8944436386;7833664657;1.4641000000000006
7833664657;287396263;1.4641000000000006
287396263;7833664661;1.4641000000000006
7833664661;26905563;1.4641000000000006
26905563;7857608767;1.4641000000000006
7857608767;4470537483;1.4641000000000006
4470537483;26905558;1.4641000000000006
26905558;2431549309;1.4641000000000006
2431549309;394140355;1.4641000000000006
2326390477;7037090681;0.9
7037090681;6150139116;0.9
6150139116;6150139095;0.9
6150139095;6150139093;0.9
6150139093;6417025394;0.9
6417025394;6845553039;0.9
6845553039;6150139118;0.9
6150139118;7004243966;0.9
7004243966;6150139120;0.9
252260170;322107577;0.9
322107578;2971574964;0.9
2971574964;322107564;0.9
322107564;2310040365;0.9
2310040365;356025223;0.9
356025223;26868571;0.9
26868571;26868569;0.9
26868569;26868567;0.9
26868567;26868565;0.9
26868565;26868563;0.9
26868563;5906632968;0.9
5906632968;26868562;0.81
26868562;393369146;0.81
393369146;2525148555;0.81
2525148555;26868561;0.81
26868561;26868560;0.81
26868560;365706493;0.81
365706493;365692737;0.81
365692737;393369153;0.81
393369153;362128708;0.81
362128708;362128709;0.81
362128709;393969035;0.81
393969035;2638025807;0.81
2638025807;26871563;0.81
26871563;362128741;0.9
362128741;26871561;0.9
26871561;2637907984;0.7290000000000001
2637907984;2637907993;0.7290000000000001
2637907993;26871559;0.7290000000000001
26871559;5838254953;0.7290000000000001
5838254953;26871557;0.7290000000000001
26871557;26871553;0.7290000000000001
26871553;8556786318;0.7290000000000001
8556786318;394140357;0.7290000000000001
394140357;26868413;0.7290000000000001
26868413;394140355;0.7290000000000001
360814192;360814196;1.9292299290000012
360814196;360814205;1.9292299290000012
360814205;360814208;1.9292299290000012
360814208;6384429197;1.9292299290000012
6384429197;6384429195;1.9292299290000012
6384429195;2990506693;1.9292299290000012
2990506693;360843281;1.9292299290000012
6324995120;2716538562;0.8910000000000001
2716538562;2716538574;0.8910000000000001
2716538574;8185112563;0.8910000000000001
8185112563;2716538577;0.8910000000000001
2716538577;418075446;0.8910000000000001
418075446;418075447;0.7938810000000002
418075447;418075449;0.7938810000000002
26871561;26871564;0.81
26871564;26871563;0.9
252260174;2716538593;1.1
2716538593;6762672530;1.1
6762672530;252260170;1.1
394140355;287401503;1.1
287401503;1838839838;1.1
1838839838;26868409;1.1
26868409;287401496;1.1
287401496;2431549315;1.1
2431549315;2431549316;1.1
2431549316;7890161410;1.1
7890161410;26865581;1.1
26865581;8771355406;1.1
8771355406;26867994;1.1
26867994;2850436310;1.1
2850436310;26867992;1.1
26867992;26867991;1.1
26867991;421905792;1.1
421905792;26867985;1.1
26867985;26867984;1.1
26867984;26867961;1.1
26868572;26868557;0.9
322850817;665739846;0.9
665739846;26868556;0.9
26868556;26868555;0.9
26868555;356025196;0.9
356025196;365706694;0.9
365706694;365706875;0.9
365706875;393998099;0.9
393998099;365706686;0.9
365706686;8398265555;0.9
8398265555;365706666;0.9
365706666;8398265550;0.9
8398265550;8398265549;0.9
8398265549;8398265548;0.9
8398265548;5108250919;0.9
5108250919;365706565;0.9
365706565;365706558;0.9
365706558;7707264071;0.9
7707264071;2525148632;0.9
2525148632;394140343;0.9
394140343;2432321838;0.9
2432321838;394140333;0.9
394140333;394140339;0.9
394140339;394140317;0.9
394140317;394140328;0.9
394140328;394140327;0.9
394140327;394140326;0.9
394140326;394140330;0.9
394140330;394140325;0.9
394140325;26868030;0.9
26868030;26868028;0.9
26868028;8184309982;0.9
8184309982;26868021;0.9
26868021;419895528;0.9
419895528;419895539;0.9
419895539;419895530;0.9
419895530;419895531;0.9
419895531;26867975;0.9
26867975;8188431539;0.9
8188431539;385018179;0.9
385018179;385017514;0.9
385017514;26867973;0.9
26867973;26867961;0.9
322107554;339260485;1.5011005634576882
339260485;322107558;1.5011005634576882
2310040339;6762672532;0.8221655227352774
6762672532;418075432;0.8221655227352774
26871564;26871565;0.9
26871565;2637915846;0.9
2637915846;287396276;0.9
287396276;287396273;0.9
287396273;2637915844;0.9
2637915844;362128701;0.9
362128701;2637915841;0.9
2637915841;2638025777;0.9
2638025777;362128702;0.9
362128702;362128704;0.9
362128704;362128703;0.9
362128703;365692720;0.9
365692720;365692727;0.9
365692727;8724298638;0.9
8724298638;8785426112;0.9
8785426112;5647278328;0.9
5647278328;365692724;0.9
329516027;5647278350;0.9
5647278350;5906632968;0.9
26871563;26871564;0.9
26871564;26871561;0.81
343522521;343522523;1.4641000000000006
343522523;343522545;1.4641000000000006
343522545;343522550;1.4641000000000006
340291451;6066484369;1.4641000000000006
6066484369;340291571;1.4641000000000006
340291571;340291573;1.4641000000000006
340291573;6066484371;1.4641000000000006
6066484371;340291528;1.4641000000000006
340291528;340291529;1.4641000000000006
340291529;340291530;1.4641000000000006
340291530;340291531;1.4641000000000006
340291531;340291532;1.4641000000000006
340291532;3052453951;1.4641000000000006
3052453951;340291506;1.4641000000000006
340291506;340291509;1.4641000000000006
340291509;340291476;1.4641000000000006
340291476;2210245413;1.4641000000000006
2210245413;286680621;1.4641000000000006
286680621;770678443;1.4641000000000006
770678443;286680624;1.4641000000000006
286680624;2283066490;1.4641000000000006
2283066490;286680625;1.4641000000000006
286680625;286680642;1.4641000000000006
286680642;286680641;1.4641000000000006
286680641;286680639;1.4641000000000006
343522521;343522520;0.6561000000000001
353108419;2282854470;0.81
2282854470;353108426;0.81
353108426;307360939;0.6561000000000001
307360939;307360937;0.6561000000000001
307360937;286680630;0.6561000000000001
286680630;5951094950;0.6561000000000001
5951094950;307360938;0.6561000000000001
307360938;286680633;0.6561000000000001
286680633;286680639;0.6561000000000001
353108419;465205783;0.81
465205783;353108402;0.81
353108402;353108426;0.81
5906632967;250408818;0.9
365692724;5647278328;0.9
5647278328;8785426112;0.9
8785426112;8724298638;0.9
8724298638;365692727;0.9
365692727;365692720;0.9
365692720;362128703;0.9
362128703;362128704;0.9
362128704;362128702;0.9
362128702;2638025777;0.9
2638025777;2637915841;0.9
2637915841;362128701;0.9
362128701;2637915844;0.9
2637915844;287396273;0.9
287396273;287396276;0.9
287396276;2637915846;0.9
2637915846;26871565;0.9
26871565;26871564;0.9
418075449;418075447;0.8910000000000001
418075447;418075446;0.8910000000000001
418075446;2716538577;0.8910000000000001
2716538577;8185112563;0.8910000000000001
8185112563;2716538574;0.8910000000000001
2716538574;2716538562;0.8910000000000001
2716538562;6324995120;0.8910000000000001
322107594;329515966;0.913517247483642
329515966;2894949860;0.913517247483642
2894949860;339260482;0.913517247483642
339260482;322850817;0.913517247483642
360843269;360814236;1.3310000000000004
360814228;360814254;1.3310000000000004
360814254;360814263;1.3310000000000004
360814263;360814268;1.3310000000000004
360814268;7101567049;1.3310000000000004
7101567049;360814277;1.3310000000000004
360814277;456077702;1.3310000000000004
456077702;459492914;1.3310000000000004
459492914;456077762;1.3310000000000004
456077762;456077732;1.3310000000000004
456077732;337986467;1.3310000000000004
337986467;343394730;1.3310000000000004
343394730;343394729;1.3310000000000004
343394729;343383844;1.3310000000000004
343383844;343382589;1.3310000000000004
343382589;343383903;1.3310000000000004
343383903;343382594;1.3310000000000004
343382594;5751503894;1.3310000000000004
5751503894;343382615;1.3310000000000004
343382615;343382619;1.3310000000000004
343382619;343380654;1.3310000000000004
343380654;8546897683;1.3310000000000004
8546897683;343377984;1.3310000000000004
3019944249;285878678;1.3310000000000004
285878678;419608823;1.3310000000000004
419608823;343392633;1.3310000000000004
343392633;455937376;1.3310000000000004
455937376;343392658;1.3310000000000004
343392658;6027741372;1.3310000000000004
6027741372;8483420674;1.3310000000000004
8483420674;8483420676;1.3310000000000004
8483420676;3019944248;1.3310000000000004
3019944248;343392686;1.3310000000000004
343392686;419582283;1.3310000000000004
419582283;343392688;1.3310000000000004
343392688;7993337968;1.3310000000000004
7993337968;1808533189;1.3310000000000004
1808533189;419582019;1.3310000000000004
419582019;419582025;1.3310000000000004
419582025;419582028;1.3310000000000004
419582028;5026558496;1.3310000000000004
5026558496;1808533051;1.3310000000000004
1808533051;1808532820;1.3310000000000004
1808532820;419863691;1.3310000000000004
419863691;8555207725;1.3310000000000004
8555207725;8555207728;1.3310000000000004
8555207728;2851846024;1.3310000000000004
2851846024;2851846014;1.3310000000000004
2851846014;2851846015;1.3310000000000004
2851846015;349046250;1.3310000000000004
349046250;7653798626;1.3310000000000004
7653798626;286993983;1.3310000000000004
286993983;2350885538;1.3310000000000004
2350885538;349046219;1.3310000000000004
349046219;349046218;1.3310000000000004
349046218;349046162;1.3310000000000004
349046162;349046153;1.3310000000000004
349046153;349046152;1.3310000000000004
349046152;349046145;1.3310000000000004
349046145;2350882338;1.3310000000000004
2350882338;349046146;1.3310000000000004
349046146;349046148;1.3310000000000004
349046148;349046147;1.3310000000000004
8767369241;459278203;0.9
459278203;8827820337;0.9
8827820337;6384428778;0.9
6384428778;2990506700;0.9
2990506700;7721324238;0.9
7721324238;8482243495;0.9
8482243495;8482243493;0.9
8482243493;7721324237;0.9
7721324237;7721324244;0.9
7721324244;8482183976;0.9
8482183976;286693886;0.9
286693886;360814067;0.81
300223700;339665891;0.8910000000000001
339665891;348229851;0.8910000000000001
348229851;296917958;0.8910000000000001
296917958;307612552;0.8910000000000001
307612552;364990056;0.8910000000000001
364990056;339465300;0.8910000000000001
286988451;7068123413;0.81
7068123413;7068123410;0.81
7068123410;7126508228;0.81
7126508228;7126437305;0.81
7126437305;7277457953;0.81
7277457953;286991919;0.81
286991919;286775805;0.81
286775805;6389043606;0.81
6389043606;6389043605;0.81
6389043605;3512737855;0.81
3512737855;343115511;0.81
343115511;343115552;0.81
343115552;340008862;0.7290000000000001
340008862;2845664368;0.7290000000000001
2845664368;340008872;0.7290000000000001
340008872;286775794;0.7290000000000001
286775794;505798168;0.7290000000000001
505798168;429367993;0.7290000000000001
429367993;429367991;0.81
429367991;429367988;0.81
429367988;505798303;0.81
505798303;505798309;0.7290000000000001
505798309;419334690;0.7290000000000001
419334690;286993972;0.7290000000000001
286993972;2013489708;0.7290000000000001
2013489708;349046147;0.7290000000000001
2892021615;7721324234;0.9
7721324234;7721324267;0.9
7721324267;7721324268;0.9
7721324268;8482243494;0.9
8482243494;8482243492;0.9
8482243492;7721324235;0.9
7721324235;7721324236;0.9
7721324236;8482243490;0.9
8482243490;7721324271;0.9
7721324271;286693886;0.9
252152613;252152612;1.753845390000001
252152612;5485497987;1.753845390000001
5485497987;307612550;1.753845390000001
307612550;340008840;1.753845390000001
340008840;252152609;0.9
252152609;340008828;0.9
340008828;8720272389;0.9
8720272389;3512513181;0.9
3512513181;343115521;0.9
343115521;343115513;0.9
343115513;343115547;0.9
343115547;343115552;0.9
429367993;505798247;0.9
505798247;429367987;0.9
429367987;505798251;0.9
505798251;505798301;0.9
505798301;505798303;0.9
2892021617;8497675823;1.1
8497675823;8482243491;1.1
8482243491;8482243489;1.1
8482243489;8503612502;1.1
8503612502;7721324252;1.1
7721324252;286693876;1.1
340280202;340280207;0.9
340280207;340280209;0.9
340280209;340280204;0.9
340280204;8878035322;0.9
8878035322;340280208;0.9
285873695;285873731;2.357947691000002
285873731;285873695;2.357947691000002
6775404381;6775404372;1.1
6775404372;6775404373;1.1
6775404373;6362800670;1.1
6362800670;6775404361;1.1
6775404361;286988762;1.1
286988762;356506866;1.1
356506866;2357983497;1.1
2357983497;2357983499;1.1
2357983499;356506865;1.1
356506865;339264341;1.1
339264341;5108250647;1.1
5108250647;3050671236;1.1
3050671236;356506978;1.1
356506978;356506980;1.1
356506980;356506982;1.1
356506982;356506984;1.1
356506984;356506985;1.1
356506985;356506988;1.1
356506988;418055628;1.1
418055628;356506990;1.1
356506990;356506991;1.1
356506991;356506993;1.1
356506993;356506996;1.1
356506996;5818249237;1.1
5818249237;356506998;1.1
356506998;305383471;1.1
305383471;2643575597;1.1
2643575597;418016845;1.1
418016845;418016843;1.1
418016843;6485194578;1.1
6485194578;418016851;1.1
418016851;418016852;1.1
418016852;2630252095;1.1
2630252095;2643575611;1.1
2643575611;2643575617;1.1
2643575617;5818166948;1.1
5818166948;418016855;1.1
418016855;5818166946;1.1
5818166946;5818166944;1.1
5818166944;5818166942;1.1
5818166942;5818166940;1.1
5818166940;418016856;1.1
250409374;250409377;0.9
250409377;307640468;0.9
307640468;2970387516;0.9
2970387516;296917285;0.9
6387479610;6830374464;0.9900000000000001
6830374464;6387479608;0.9
6387479608;420618360;0.9
420618360;6993037911;0.9
6993037911;356506856;0.9
356506856;7004197758;0.9
7004197758;1925253015;0.9
1925253015;356506851;0.9
356506851;7004197734;0.9
7004197734;7004197728;0.9
7004197728;247979960;0.9
247979960;3286879329;0.9
3286879329;8589753788;0.9
8589753788;8589753019;0.9
8589753019;7254895801;0.9
7254895801;8589753027;0.9
8589753027;418055842;0.9
418055842;356507038;0.9
356507038;356507041;0.9
356507041;356507044;0.9
356507044;356507046;0.9
356507046;356507049;0.9
356507049;835973259;0.9
835973259;766837137;0.9
766837137;356507052;0.9
356507052;766837089;0.9
766837089;418055744;0.9
418055744;418055689;0.9
418055689;2627120637;0.9
2627120637;7497194343;0.9
7497194343;356507054;0.9
356507054;356507057;0.9
356507057;418055742;0.9
418055742;356507060;0.9
356507060;356507063;0.9
356507063;2643575543;0.9
2643575543;8584192271;0.9
8584192271;2643575549;0.9
2643575549;418081049;0.9
418081049;8199607047;0.9
8199607047;8199607046;0.9
8199607046;418081040;0.9
418081040;8199607044;0.9
8199607044;8199607043;0.9
8199607043;2630252091;0.9
2630252091;6105570316;0.9
6105570316;5818166950;0.9
5818166950;6482948298;0.9
6482948298;2643575604;0.9
2643575604;5818166949;0.9
5818166949;5818166947;0.9
5818166947;5818166945;0.9
5818166945;5818166943;0.9
5818166943;5818166941;0.9
5818166941;5818166909;0.9
5818166909;5818166896;0.9
5818166896;418016856;0.9
418016856;5818166940;1.1
5818166940;5818166942;1.1
5818166942;5818166944;1.1
5818166944;5818166946;1.1
5818166946;418016855;1.1
418016855;5818166948;1.1
5818166948;2643575617;1.1
2643575617;2643575611;1.1
2643575611;2630252095;1.1
2630252095;418016852;1.1
418016852;418016851;1.1
418016851;6485194578;1.1
6485194578;418016843;1.1
418016843;418016845;1.1
418016845;2643575597;1.1
2643575597;305383471;1.1
305383471;356506998;1.1
356506998;5818249237;1.1
5818249237;356506996;1.1
356506996;356506993;1.1
356506993;356506991;1.1
356506991;356506990;1.1
356506990;418055628;1.1
418055628;356506988;1.1
356506988;356506985;1.1
356506985;356506984;1.1
356506984;356506982;1.1
356506982;356506980;1.1
356506980;356506978;1.1
356506978;3050671236;1.1
3050671236;5108250647;1.1
5108250647;339264341;1.1
339264341;356506865;1.1
356506865;2357983499;1.1
2357983499;2357983497;1.1
2357983497;356506866;1.1
356506866;286988762;1.1
286988762;6775404361;1.1
6775404361;6362800670;1.1
6362800670;6775404373;1.1
6775404373;6775404372;1.1
6775404372;6775404381;1.1
6775404381;5936939661;1.1
5936939661;356025149;1.1
356025149;356025143;1.1
356025143;356025139;1.1
356025139;6481794571;1.1
6481794571;7837933871;1.1
7837933871;356025134;1.1
356025134;7837933872;1.1
7837933872;356025132;1.1
7392777067;250410142;1.0673289000000006
418016856;5818166896;0.9
5818166896;5818166909;0.9
5818166909;5818166941;0.9
5818166941;5818166943;0.9
5818166943;5818166945;0.9
5818166945;5818166947;0.9
5818166947;5818166949;0.9
5818166949;2643575604;0.9
2643575604;6482948298;0.9
6482948298;5818166950;0.9
5818166950;6105570316;0.9
6105570316;2630252091;0.9
2630252091;8199607043;0.9
8199607043;8199607044;0.9
8199607044;418081040;0.9
418081040;8199607046;0.9
8199607046;8199607047;0.9
8199607047;418081049;0.9
418081049;2643575549;0.9
2643575549;8584192271;0.9
8584192271;2643575543;0.9
2643575543;356507063;0.9
356507063;356507060;0.9
356507060;418055742;0.9
418055742;356507057;0.9
356507057;356507054;0.9
356507054;7497194343;0.9
7497194343;2627120637;0.9
2627120637;418055689;0.9
418055689;418055744;0.9
418055744;766837089;0.9
766837089;356507052;0.9
356507052;766837137;0.9
766837137;835973259;0.9
835973259;356507049;0.9
356507049;356507046;0.9
356507046;356507044;0.9
356507044;356507041;0.9
356507041;356507038;0.9
356507038;418055842;0.9
418055842;8589753027;0.9
8589753027;7254895801;0.9
7254895801;8589753019;0.9
8589753019;8589753788;0.9
8589753788;3286879329;0.9
3286879329;247979960;0.9
247979960;7004197728;0.9
7004197728;7004197734;0.9
7004197734;356506851;0.9
356506851;1925253015;0.9
1925253015;7004197758;0.9
7004197758;356506856;0.9
356506856;6993037911;0.9
6993037911;420618360;0.9
420618360;6387479608;0.9
6387479608;6830374464;0.9
6830374464;6387479610;0.9900000000000001
296917285;2970387516;0.9
2970387516;307640468;0.9
307640468;250409377;0.9
250409377;250409374;0.9
349046147;349046148;1.4641000000000006
349046148;349046146;1.4641000000000006
349046146;2350882338;1.4641000000000006
2350882338;349046145;1.4641000000000006
349046145;349046152;1.4641000000000006
349046152;349046153;1.4641000000000006
349046153;349046162;1.4641000000000006
349046162;349046218;1.4641000000000006
349046218;349046219;1.4641000000000006
349046219;2350885538;1.4641000000000006
2350885538;286993983;1.4641000000000006
286993983;7653798626;1.4641000000000006
7653798626;349046250;1.4641000000000006
349046250;2851846015;1.4641000000000006
2851846015;2851846014;1.4641000000000006
2851846014;2851846024;1.4641000000000006
2851846024;8555207728;1.4641000000000006
8555207728;8555207725;1.4641000000000006
8555207725;419863691;1.4641000000000006
419863691;1808532820;1.4641000000000006
1808532820;1808533051;1.4641000000000006
1808533051;5026558496;1.4641000000000006
5026558496;419582028;1.4641000000000006
419582028;419582025;1.4641000000000006
419582025;419582019;1.4641000000000006
419582019;1808533189;1.4641000000000006
1808533189;7993337968;1.4641000000000006
7993337968;343392688;1.4641000000000006
343392688;419582283;1.4641000000000006
419582283;343392686;1.4641000000000006
343392686;3019944248;1.4641000000000006
3019944248;8483420676;1.4641000000000006
8483420676;8483420674;1.4641000000000006
8483420674;6027741372;1.4641000000000006
6027741372;343392658;1.4641000000000006
343392658;455937376;1.4641000000000006
455937376;343392633;1.4641000000000006
343392633;419608823;1.4641000000000006
419608823;285878678;1.4641000000000006
285878678;3019944249;1.4641000000000006
343377984;8546897683;1.4641000000000006
8546897683;343380654;1.4641000000000006
343380654;343382619;1.4641000000000006
343382619;343382615;1.4641000000000006
343382615;5751503894;1.4641000000000006
5751503894;343382594;1.4641000000000006
343382594;343383903;1.4641000000000006
343383903;343382589;1.4641000000000006
343382589;343383844;1.4641000000000006
343383844;343394729;1.4641000000000006
343394729;343394730;1.4641000000000006
343394730;337986467;1.4641000000000006
337986467;456077732;1.4641000000000006
456077732;456077762;1.4641000000000006
456077762;459492914;1.4641000000000006
459492914;456077702;1.4641000000000006
456077702;360814277;1.4641000000000006
360814277;7101567049;1.4641000000000006
7101567049;360814268;1.4641000000000006
360814268;360814263;1.4641000000000006
360814263;360814254;1.4641000000000006
360814254;360814228;1.4641000000000006
360814236;360843269;1.4641000000000006
349046147;2013489708;0.6561000000000001
2013489708;286993972;0.6561000000000001
286993972;419334690;0.6561000000000001
419334690;505798309;0.6561000000000001
505798309;505798303;0.6561000000000001
505798303;429367988;0.7290000000000001
429367988;429367991;0.7290000000000001
429367991;429367993;0.7290000000000001
429367993;505798168;0.6561000000000001
505798168;286775794;0.6561000000000001
286775794;340008872;0.6561000000000001
340008872;2845664368;0.6561000000000001
2845664368;340008862;0.6561000000000001
340008862;343115552;0.6561000000000001
343115552;343115511;0.7290000000000001
343115511;3512737855;0.7290000000000001
3512737855;6389043605;0.7290000000000001
6389043605;6389043606;0.7290000000000001
6389043606;286775805;0.7290000000000001
286775805;286991919;0.7290000000000001
286991919;7277457953;0.7290000000000001
7277457953;7126437305;0.7290000000000001
7126437305;7126508228;0.7290000000000001
7126508228;7068123410;0.7290000000000001
7068123410;7068123413;0.7290000000000001
7068123413;286988451;0.7290000000000001
339465300;364990056;0.8820900000000003
364990056;307612552;0.8820900000000003
307612552;296917958;0.8820900000000003
296917958;348229851;0.8820900000000003
348229851;339665891;0.8820900000000003
339665891;300223700;0.8820900000000003
360814067;286693886;0.81
286693886;8482183976;0.9
8482183976;7721324244;0.9
7721324244;7721324237;0.9
7721324237;8482243493;0.9
8482243493;8482243495;0.9
8482243495;7721324238;0.9
7721324238;2990506700;0.9
2990506700;6384428778;0.9
6384428778;8827820337;0.9
8827820337;459278203;0.9
459278203;8767369241;0.9
5636799994;6841770963;0.9
6841770963;6841770956;0.9
6841770956;6388922488;0.9
6388922488;6841770947;0.9
6841770947;286807996;0.9
286807996;6388921093;0.9
6388921093;594760901;0.9
594760901;6845553028;0.9
6845553028;541783953;0.9
541783953;286807999;0.9
286807999;6830374448;0.9
6830374448;6387479600;0.9
6387479600;286807998;0.9
286807998;286808008;0.9
286808008;286808011;0.9
286808011;6830374435;0.9
6830374435;1874136242;0.9
6387479604;6830374438;0.9
6830374438;6830374464;0.9
6830374464;6830374438;0.9
6830374438;6387479604;0.9
1874136242;6830374435;0.9
6830374435;286808011;0.9
286808011;286808008;0.9
286808008;286807998;0.9
286807998;6387479600;0.9
6387479600;6830374448;0.9
6830374448;286807999;0.9
286807999;541783953;0.9
541783953;6845553028;0.9
6845553028;594760901;0.9
594760901;6388921093;0.9
6388921093;286807996;0.9
286807996;6841770947;0.9
6841770947;6388922488;0.9
6388922488;6841770956;0.9
6841770956;6841770963;0.9
6841770963;5636799994;0.9
6387893135;7004247588;0.9
7004247588;5394352767;0.9
5394352767;8587957773;0.9
8587957773;5394352768;0.9
5394352768;7992263924;0.9
7992263924;418863945;0.9
418863945;5108274145;0.9
5108274145;418863944;0.9
418863944;2270254505;0.9
2270254505;5814664946;0.9
5814664946;2630402214;0.9
2630402214;8503612498;0.9
8503612498;418863946;0.9
418863946;418863930;0.9
418863930;418863931;0.9
418863931;418894027;0.9
418894027;418863936;0.9
360814157;963138644;0.9
963138644;4510077005;0.9
2527889950;2527889949;0.9
2527889949;307639927;0.9
5906632967;418075458;0.9900000000000001
418075458;418075456;0.9900000000000001
418075456;418075455;0.9900000000000001
418075455;418075446;0.8910000000000001
418075439;418075460;0.9
418075460;418075463;0.9
418075463;418075464;0.9
418075464;418075455;0.9
505798303;505798301;0.9
505798301;505798251;0.9
505798251;429367987;0.9
429367987;505798247;0.9
505798247;429367993;0.9
343115552;343115547;0.9
343115547;343115513;0.9
343115513;343115521;0.9
343115521;3512513181;0.9
3512513181;8720272389;0.9
8720272389;340008828;0.9
340008828;252152609;0.9
252152609;340008840;0.9
340008840;307612550;1.753845390000001
307612550;5485497987;1.753845390000001
5485497987;252152612;1.753845390000001
252152612;252152613;1.753845390000001
286693886;7721324271;0.9
7721324271;8482243490;0.9
8482243490;7721324236;0.9
7721324236;7721324235;0.9
7721324235;8482243492;0.9
8482243492;8482243494;0.9
8482243494;7721324268;0.9
7721324268;7721324267;0.9
7721324267;7721324234;0.9
7721324234;2892021615;0.9
286693876;7721324252;0.9900000000000001
7721324252;8503612502;0.9900000000000001
8503612502;8482243489;0.9900000000000001
8482243489;8482243491;0.9900000000000001
8482243491;8497675823;0.9900000000000001
8497675823;2892021617;0.9900000000000001
340280208;8878035322;0.9
8878035322;340280204;0.9
340280204;340280209;0.9
340280209;340280207;0.9
340280207;340280202;0.9
418863936;418894027;0.9
418894027;418863931;0.9
418863931;418863930;0.9
418863930;418863946;0.9
418863946;8503612498;0.9
8503612498;2630402214;0.9
2630402214;5814664946;0.9
5814664946;2270254505;0.9
2270254505;418863944;0.9
418863944;5108274145;0.9
5108274145;418863945;0.9
418863945;7992263924;0.9
7992263924;5394352768;0.9
5394352768;8587957773;0.9
8587957773;5394352767;0.9
5394352767;7004247588;0.9
7004247588;7004247589;0.9
7004247600;7004247601;0.9
7004247601;286819676;0.9
286819676;286819674;0.9
286819674;7004247602;0.9
7004247602;7004247613;0.9
7004247613;7004247614;0.9
7004247614;6822067487;0.9
286680639;286680641;1.4641000000000006
286680641;286680642;1.4641000000000006
286680642;286680625;1.4641000000000006
286680625;2283066490;1.4641000000000006
2283066490;286680624;1.4641000000000006
286680624;5433599354;1.4641000000000006
5433599354;2971453792;1.4641000000000006
2971453792;340291476;1.4641000000000006
340291476;340291509;1.4641000000000006
340291509;340291506;1.4641000000000006
340291506;3052453951;1.4641000000000006
3052453951;340291532;1.4641000000000006
340291532;340291531;1.4641000000000006
340291531;340291530;1.4641000000000006
340291530;340291529;1.4641000000000006
340291529;340291528;1.4641000000000006
340291528;6066484371;1.4641000000000006
6066484371;340291573;1.4641000000000006
340291573;340291571;1.4641000000000006
340291571;6066484369;1.4641000000000006
6066484369;340291451;1.4641000000000006
343522550;343522545;1.4641000000000006
343522545;343522523;1.4641000000000006
343522523;343522521;1.4641000000000006
286680639;286680633;0.6561000000000001
286680633;307360938;0.6561000000000001
307360938;5951094950;0.6561000000000001
5951094950;286680630;0.6561000000000001
286680630;307360937;0.6561000000000001
307360937;307360939;0.6561000000000001
307360939;353108426;0.6561000000000001
353108426;2282854470;0.81
2282854470;353108419;0.81
343522520;343522521;0.6561000000000001
7294338847;8173375567;0.9
339803902;339803907;0.9
339803907;339803905;0.9
339803905;2970387520;0.9
2970387520;339803903;0.9
353108426;353108402;0.81
353108402;465205783;0.81
465205783;353108419;0.81
340008840;340008838;1.9487171000000014
340008838;443115089;1.9487171000000014
443115089;5436840315;1.9487171000000014
5436840315;7251902028;1.9487171000000014
7251902028;340008856;1.9487171000000014
340008856;340008843;1.9487171000000014
340008843;340008856;1.9487171000000014
340008856;7251902028;1.9487171000000014
7251902028;5436840315;1.9487171000000014
5436840315;443115089;1.9487171000000014
443115089;340008838;1.9487171000000014
340008838;340008840;1.9487171000000014
339803903;2970387520;0.9
2970387520;339803905;0.9
339803905;339803907;0.9
339803907;339803902;0.9
339803838;339803857;1.0781100000000003
339803857;250410130;1.0781100000000003
250410130;250410588;1.0781100000000003
250410588;339803852;1.0781100000000003
339803852;250410145;1.0781100000000003
250410145;7007049228;1.0781100000000003
7007049228;250410108;1.0781100000000003
252260174;339260484;0.9
339260484;322107543;0.9
322107543;7372690684;0.9
7372690684;339803845;0.9
339803845;339803871;0.9
339803871;2847743589;0.9
2847743589;2847743584;0.9
2847743584;2847743582;0.9
2847743582;2847743581;0.9
2847743581;2854035178;0.9
2854035178;2635372002;0.9
2635372002;339803868;0.9
339675114;340106432;0.81
340106432;5934439573;0.81
5934439573;340106426;0.81
340106426;339675112;0.81
878698428;878698425;0.9
339675112;340106426;0.9
340106426;5934439573;0.9
5934439573;340106432;0.9
340106432;339675114;0.9
